state,district,filename,source_url,sha256
Andaman & Nicobar,Nicobar,andaman_nicobar_nicobar.pdf,https://www.icar-crida.res.in/CP/A&N/A&N%201-Nicobar-03.05.2015.pdf,
Andaman & Nicobar,North & Middle Andaman,andaman_nicobar_north_middle_andaman.pdf,https://www.icar-crida.res.in/CP/A&N/A&N3-N%20&%20M%20Andaman-03.05.2016.pdf,
Andaman & Nicobar,South Andaman,andaman_nicobar_south_andaman.pdf,https://www.icar-crida.res.in/CP/A&N/A&N%202-South%20Andaman-03.05.2016.pdf,
Andhra Pradesh,Adilabad,andhra_pradesh_adilabad.pdf,"https://www.icar-crida.res.in/CP-2012/statewiseplans/Andhra%20pradesh%20(Pdf)/ANGRAU,%20Hyderabad/AP4-Adilabad%2031.1.2011.pdf",
Andhra Pradesh,Anantapur,anantapur.pdf,"https://www.icar-crida.res.in/CP-2012/statewiseplans/Andhra%20pradesh%20(Pdf)/ANGRAU,%20Hyderabad/AP14-Anantapur%2031.1.2011.pdf",d0c38042dbca696bb0c32d1364d17db858038105ddbe97ce60a978746cb58f1e
Andhra Pradesh,Chittoor,andhra_pradesh_chittoor.pdf,"https://www.icar-crida.res.in/CP-2012/statewiseplans/Andhra%20pradesh%20(Pdf)/ANGRAU,%20Hyderabad/AP2-Chittoor%2031.1.2011.pdf",
Andhra Pradesh,East Godavari,andhra_pradesh_east_godavari.pdf,"https://www.icar-crida.res.in/CP-2012/statewiseplans/Andhra%20pradesh%20(Pdf)/ANGRAU,%20Hyderabad/AP3-East%20Godavari%2031.1.11.pdf",
Andhra Pradesh,Guntur,andhra_pradesh_guntur.pdf,"https://www.icar-crida.res.in/CP-2012/statewiseplans/Andhra%20pradesh%20(Pdf)/ANGRAU,%20Hyderabad/AP1-Guntur%2031.1.11.pdf",
Andhra Pradesh,Kadappa,andhra_pradesh_kadappa.pdf,"https://www.icar-crida.res.in/CP-2012/statewiseplans/Andhra%20pradesh%20(Pdf)/ANGRAU,%20Hyderabad/AP5-Kadapa%2031%20jan.pdf",
Andhra Pradesh,Karimnagar,andhra_pradesh_karimnagar.pdf,"https://www.icar-crida.res.in/CP-2012/statewiseplans/Andhra%20pradesh%20(Pdf)/ANGRAU,%20Hyderabad/AP15-Karimnagar%2031.1.2011.pdf",
Andhra Pradesh,Khammam,andhra_pradesh_khammam.pdf,"https://www.icar-crida.res.in/CP-2012/statewiseplans/Andhra%20pradesh%20(Pdf)/ANGRAU,%20Hyderabad/AP16-Khammam%2031.1.2011.pdf",
Andhra Pradesh,Krishna,andhra_pradesh_krishna.pdf,"https://www.icar-crida.res.in/CP-2012/statewiseplans/Andhra%20pradesh%20(Pdf)/ANGRAU,%20Hyderabad/AP6-Krishna%2031.1.11.pdf",
Andhra Pradesh,Kurnool,kurnool.pdf,"https://www.icar-crida.res.in/CP-2012/statewiseplans/Andhra%20pradesh%20(Pdf)/ANGRAU,%20Hyderabad/AP7-%20Kurnool%2031.1.2011.pdf",974fa109d83b4a07a9c258a1927e49c4ac92fd0d041f57163d8269eb3b1b4a63
Andhra Pradesh,Mahabubnagar,andhra_pradesh_mahabubnagar.pdf,"https://www.icar-crida.res.in/CP-2012/statewiseplans/Andhra%20pradesh%20(Pdf)/ANGRAU,%20Hyderabad/AP8-Mahabubnagar%2031.1.2011.pdf",
Andhra Pradesh,Medak,andhra_pradesh_medak.pdf,"https://www.icar-crida.res.in/CP-2012/statewiseplans/Andhra%20pradesh%20(Pdf)/ANGRAU,%20Hyderabad/AP9-Medak%2031.1.2011.pdf",
Andhra Pradesh,Nalgonda,andhra_pradesh_nalgonda.pdf,"https://www.icar-crida.res.in/CP-2012/statewiseplans/Andhra%20pradesh%20(Pdf)/ANGRAU,%20Hyderabad/AP10-Nalgonda%2031.1.2011.pdf",
Andhra Pradesh,Nellore,andhra_pradesh_nellore.pdf,"https://www.icar-crida.res.in/CP-2012/statewiseplans/Andhra%20pradesh%20(Pdf)/ANGRAU,%20Hyderabad/AP11-Nellore%2031.1.2011.pdf",
Andhra Pradesh,Nizamabad,andhra_pradesh_nizamabad.pdf,"https://www.icar-crida.res.in/CP-2012/statewiseplans/Andhra%20pradesh%20(Pdf)/ANGRAU,%20Hyderabad/AP21-Nizamabad%2031.1.2011.pdf",
Andhra Pradesh,Prakasam,andhra_pradesh_prakasam.pdf,"https://www.icar-crida.res.in/CP-2012/statewiseplans/Andhra%20pradesh%20(Pdf)/ANGRAU,%20Hyderabad/AP17%20Prakasam%2031.1.2011.pdf",
Andhra Pradesh,Ranga Reddy,andhra_pradesh_ranga_reddy.pdf,"https://www.icar-crida.res.in/CP-2012/statewiseplans/Andhra%20pradesh%20(Pdf)/ANGRAU,%20Hyderabad/AP18-RangaReddy%2031.1.2011.pdf",
Andhra Pradesh,Srikakulam,andhra_pradesh_srikakulam.pdf,"https://www.icar-crida.res.in/CP-2012/statewiseplans/Andhra%20pradesh%20(Pdf)/ANGRAU,%20Hyderabad/AP13-Srikakulam%2031.1.2011.pdf",
Andhra Pradesh,Visakhapatnam,andhra_pradesh_visakhapatnam.pdf,"https://www.icar-crida.res.in/CP-2012/statewiseplans/Andhra%20pradesh%20(Pdf)/ANGRAU,%20Hyderabad/AP19-Visakhapatnam%2031.1.2011.pdf",
Andhra Pradesh,Warangal,andhra_pradesh_warangal.pdf,"https://www.icar-crida.res.in/CP-2012/statewiseplans/Andhra%20pradesh%20(Pdf)/ANGRAU,%20Hyderabad/AP20-WARANGAL%2031.1.2011.pdf",
Andhra Pradesh,West Godavari,andhra_pradesh_west_godavari.pdf,"https://www.icar-crida.res.in/CP-2012/statewiseplans/Andhra%20pradesh%20(Pdf)/ANGRAU,%20Hyderabad/AP12-%20West%20Godawari%2031.1.2011.pdf",
Arunachal Pradesh,Anjaw,arunachal_pradesh_anjaw.pdf,https://www.icar-crida.res.in/CP-2012/statewiseplans/Arunachal%20Pradesh/AR3-Anjaw-01.07.2015.pdf,
Arunachal Pradesh,Changlang,arunachal_pradesh_changlang.pdf,https://www.icar-crida.res.in/CP-2012/statewiseplans/Arunachal%20Pradesh/AR4-Changlang-01.07.2015.pdf,
Arunachal Pradesh,Dibang Valley,arunachal_pradesh_dibang_valley.pdf,https://www.icar-crida.res.in/CP-2012/statewiseplans/Arunachal%20Pradesh/AR15-Dibang%20Valley.pdf,
Arunachal Pradesh,East Kameng,arunachal_pradesh_east_kameng.pdf,https://www.icar-crida.res.in/CP-2012/statewiseplans/Arunachal%20Pradesh/AR7-East%20Kameng-01.07.2015.pdf,
Arunachal Pradesh,East Siang,arunachal_pradesh_east_siang.pdf,https://www.icar-crida.res.in/CP-2012/statewiseplans/Arunachal%20Pradesh/AR8-East%20Siang-01.07.2015.pdf,
Arunachal Pradesh,Kurung Kumey,arunachal_pradesh_kurung_kumey.pdf,https://www.icar-crida.res.in/CP-2012/statewiseplans/Arunachal%20Pradesh/AR16-Kurung%20Kumey.pdf,
Arunachal Pradesh,Lohit,arunachal_pradesh_lohit.pdf,https://www.icar-crida.res.in/CP-2012/statewiseplans/Arunachal%20Pradesh/AR2-Lohit-01.07.2015.pdf,
Arunachal Pradesh,Longding,arunachal_pradesh_longding.pdf,https://www.icar-crida.res.in/CP-2012/statewiseplans/Arunachal%20Pradesh/AR17-Longding.pdf,
Arunachal Pradesh,Lower Dibang Valley,arunachal_pradesh_lower_dibang_valley.pdf,https://www.icar-crida.res.in/CP-2012/statewiseplans/Arunachal%20Pradesh/AR11-Lower%20Dibang%20Valley-01.07.2015.pdf,
Arunachal Pradesh,Lower Subansiri,arunachal_pradesh_lower_subansiri.pdf,https://www.icar-crida.res.in/CP-2012/statewiseplans/Arunachal%20Pradesh/AR5-Lower%20Subansiri-01.07.2015.pdf,
Arunachal Pradesh,Namsai,arunachal_pradesh_namsai.pdf,https://www.icar-crida.res.in/CP-2012/statewiseplans/Arunachal%20Pradesh/AR18_Namsai.pdf,
Arunachal Pradesh,Pamumpare,arunachal_pradesh_pamumpare.pdf,https://www.icar-crida.res.in/CP-2012/statewiseplans/Arunachal%20Pradesh/AR9-Papumpare-01.07.2015.pdf,
Arunachal Pradesh,Tawang,arunachal_pradesh_tawang.pdf,https://www.icar-crida.res.in/CP-2012/statewiseplans/Arunachal%20Pradesh/AR1-Tawang-01.07.2015.pdf,
Arunachal Pradesh,Tirap,arunachal_pradesh_tirap.pdf,https://www.icar-crida.res.in/CP-2012/statewiseplans/Arunachal%20Pradesh/AR12-Tirap-01.07.2015.pdf,
Arunachal Pradesh,Upper Siang,arunachal_pradesh_upper_siang.pdf,https://www.icar-crida.res.in/CP-2012/statewiseplans/Arunachal%20Pradesh/AR6-Upper%20Siang-01.07.2015.pdf,
Arunachal Pradesh,Upper Subansiri,arunachal_pradesh_upper_subansiri.pdf,https://www.icar-crida.res.in/CP-2012/statewiseplans/Arunachal%20Pradesh/AR10-Upper%20Subansiri-01.07.2015.pdf,
Arunachal Pradesh,West Kameng,arunachal_pradesh_west_kameng.pdf,https://www.icar-crida.res.in/CP-2012/statewiseplans/Arunachal%20Pradesh/AR13-West%20Kameng-01.07.2015.pdf,
Arunachal Pradesh,West Siang,arunachal_pradesh_west_siang.pdf,https://www.icar-crida.res.in/CP-2012/statewiseplans/Arunachal%20Pradesh/AR14-West%20Siang-01.07.2015.pdf,
Assam,Baksa,assam_baksa.pdf,https://www.icar-crida.res.in/CP-2012/statewiseplans/Assam/ASSAM23-Baksa-09.02.2017.pdf,
Assam,Barpeta,assam_barpeta.pdf,https://www.icar-crida.res.in/CP-2012/statewiseplans/Assam/ASSAM18-Barpeta-30.10.12.pdf,
Assam,Bongaigaon,assam_bongaigaon.pdf,https://www.icar-crida.res.in/CP-2012/statewiseplans/Assam/Assam8-Bongaigaon-5.6.2012.pdf,
Assam,Cachar,assam_cachar.pdf,https://www.icar-crida.res.in/CP-2012/statewiseplans/Assam/ASSAM11-Cachar-30.10.12.pdf,
Assam,Chirang,assam_chirang.pdf,https://www.icar-crida.res.in/CP-2012/statewiseplans/Assam/Assam21-Chirang-01.07.2015.pdf,
Assam,Darrang,assam_darrang.pdf,https://www.icar-crida.res.in/CP-2012/statewiseplans/Assam/ASSAM19-Darrang-30.10.12.pdf,
Assam,Dhemaji,assam_dhemaji.pdf,https://www.icar-crida.res.in/CP-2012/statewiseplans/Assam/Assam1-Dhemaji-5.6.2012.pdf,
Assam,Dhubri,assam_dhubri.pdf,https://www.icar-crida.res.in/CP-2012/statewiseplans/Assam/ASSAM12-%20DHUBRI-26.7.2012.pdf,
Assam,Dibrugarh,assam_dibrugarh.pdf,https://www.icar-crida.res.in/CP-2012/statewiseplans/Assam/Assam10-Dibrugarh-5.6.2012.pdf,
Assam,Dima Hasao,assam_dima_hasao.pdf,https://www.icar-crida.res.in/CP-2012/statewiseplans/Assam/Assam22-Dima%20Hasao-01.07.2015.pdf,
Assam,Goalpara,assam_goalpara.pdf,https://www.icar-crida.res.in/CP-2012/statewiseplans/Assam/ASSAM26-Goalpara-10.02.2017.pdf,
Assam,Golaghat,assam_golaghat.pdf,https://www.icar-crida.res.in/CP-2012/statewiseplans/Assam/ASSAM13-GOLAGHAT-26.7.2012.pdf,
Assam,Hailakandi,assam_hailakandi.pdf,https://www.icar-crida.res.in/CP-2012/statewiseplans/Assam/ASSAM14-HAILAKANDI-26.7.2012.pdf,
Assam,Jorhat,assam_jorhat.pdf,https://www.icar-crida.res.in/CP-2012/statewiseplans/Assam/ASSAM20-Jorhat-30.10.12.pdf,
Assam,Kamrup,assam_kamrup.pdf,https://www.icar-crida.res.in/CP-2012/statewiseplans/Assam/Assam9-Kamrup-5.6.2012.pdf,
Assam,Karbi Anglong,assam_karbi_anglong.pdf,https://www.icar-crida.res.in/CP-2012/statewiseplans/Assam/Assam5-Karbi%20Anglong-5.6.pdf,
Assam,Karimganj,assam_karimganj.pdf,https://www.icar-crida.res.in/CP-2012/statewiseplans/Assam/Assam3-Karimganj-5.6.2012.pdf,
Assam,Kokrajhar,assam_kokrajhar.pdf,https://www.icar-crida.res.in/CP-2012/statewiseplans/Assam/ASSAM15-KOKRAJHAR-26.7.2012.pdf,
Assam,Lakhimpur,assam_lakhimpur.pdf,https://www.icar-crida.res.in/CP-2012/statewiseplans/Assam/Assam2-Lakhimpur-5.6..pdf,
Assam,Morigaon,assam_morigaon.pdf,https://www.icar-crida.res.in/CP-2012/statewiseplans/Assam/ASSAM25-Morigaon-09.02.2017.pdf,
Assam,Nagaon,assam_nagaon.pdf,https://www.icar-crida.res.in/CP-2012/statewiseplans/Assam/ASSAM16-NAGAON-26.7.2012.pdf,
Assam,Nalbari,assam_nalbari.pdf,https://www.icar-crida.res.in/CP-2012/statewiseplans/Assam/Assam6-Nalbari-5.6.2012.pdf,
Assam,Sivasagar,assam_sivasagar.pdf,https://www.icar-crida.res.in/CP-2012/statewiseplans/Assam/ASSAM17-SIVASAGAR-26.7.2012.pdf,
Assam,Sonitpur,assam_sonitpur.pdf,https://www.icar-crida.res.in/CP-2012/statewiseplans/Assam/Assam7-Sonitpur-5.6.2012.pdf,
Assam,Tinsukia,assam_tinsukia.pdf,https://www.icar-crida.res.in/CP-2012/statewiseplans/Assam/Assam4-Tinsukia-5.6.2012.pdf,
Assam,Udalguri,assam_udalguri.pdf,https://www.icar-crida.res.in/CP-2012/statewiseplans/Assam/ASSAM24-Udalguri-09.02.2017.pdf,
Bihar,Araria,bihar_araria.pdf,https://www.icar-crida.res.in/CP/Bihar/BR31_Araria_28.12.13.pdf,
Bihar,Arwal,bihar_arwal.pdf,https://www.icar-crida.res.in/CP/Bihar/BR10_Arwal_28.12.2013.pdf,
Bihar,Aurangabad,bihar_aurangabad.pdf,https://www.icar-crida.res.in/cp/Bihar/BI1-%20Aurangabad-10.08.12-.pdf,
Bihar,Banka,bihar_banka.pdf,https://www.icar-crida.res.in/CP/Bihar/BR11_Banka_28.12.203.pdf,
Bihar,Begusari,bihar_begusari.pdf,https://www.icar-crida.res.in/CP/Bihar/BR12_Begusarai%20_28.12.2013.pdf,
Bihar,Bhagalpur,bihar_bhagalpur.pdf,https://www.icar-crida.res.in/CP/Bihar/BR13_Bhagalpur_28.12.2013.pdf,
Bihar,Bhojpur,bihar_bhojpur.pdf,https://www.icar-crida.res.in/CP/Bihar/BR14_Bhojpur_28.12.2013.pdf,
Bihar,Buxar,bihar_buxar.pdf,https://www.icar-crida.res.in/CP/Bihar/BR15_Buxar_28.12.2013.pdf,
Bihar,Darbhanga,bihar_darbhanga.pdf,https://www.icar-crida.res.in/CP/Bihar/BI2-Dharbhanga-10.08.12-.pdf,
Bihar,East Champaran,bihar_east_champaran.pdf,https://www.icar-crida.res.in/CP/Bihar/BR16_East%20Champaran_28.12.2013.pdf,
Bihar,Gaya,gaya.pdf,https://www.icar-crida.res.in/CP/Bihar/BR17_Gaya%20_28.12.2013.pdf,4ca9b8018713c46e453a921a18bf8f6ef2357c819a679e2e3f601546f87b5a98
Bihar,Gopalganj,bihar_gopalganj.pdf,https://www.icar-crida.res.in/CP/Bihar/BR8_Gopalganj_28.12.2013.pdf,
Bihar,Jamui,bihar_jamui.pdf,https://www.icar-crida.res.in/CP/Bihar/BR7_Jamui_28.12.2013.pdf,
Bihar,Jehannabad,bihar_jehannabad.pdf,https://www.icar-crida.res.in/CP/Bihar/BR18_Jehanabad%20_28.12.2013.pdf,
Bihar,Kaimur,bihar_kaimur.pdf,https://www.icar-crida.res.in/CP/Bihar/BR19_Kaimur%20_28.12.2013.pdf,
Bihar,Katihar,bihar_katihar.pdf,https://www.icar-crida.res.in/CP/Bihar/BR6_Katihar_28.12.2013.pdf,
Bihar,Khagaria,bihar_khagaria.pdf,https://www.icar-crida.res.in/CP/Bihar/BR20_Khagaria_28.12.2013.pdf,
Bihar,Kishanganj,bihar_kishanganj.pdf,https://www.icar-crida.res.in/CP/Bihar/BR21_Kishanganj%20_28.12.2013.pdf,
Bihar,Lakhisarai,bihar_lakhisarai.pdf,https://www.icar-crida.res.in/CP/Bihar/BR22_Lakhisaria_28.12.2013.pdf,
Bihar,Madhepura,bihar_madhepura.pdf,https://www.icar-crida.res.in/CP/Bihar/BR23_Madhepura_28.12.2013.pdf,
Bihar,Madhubani,bihar_madhubani.pdf,https://www.icar-crida.res.in/CP/Bihar/BR24_Madhubani_28.12.2013.pdf,
Bihar,Munger,bihar_munger.pdf,https://www.icar-crida.res.in/CP/Bihar/BR25_Munger_28.12.2013.pdf,
Bihar,Muzaffarpur,bihar_muzaffarpur.pdf,https://www.icar-crida.res.in/CP/Bihar/BR26_Muzaffarpur_28.12.2013.pdf,
Bihar,Nalanda,bihar_nalanda.pdf,https://www.icar-crida.res.in/CP/Bihar/BR29_Nalanda%20_28.12.2013.pdf,
Bihar,Nawada,bihar_nawada.pdf,https://www.icar-crida.res.in/CP/Bihar/BR5_Nawada_28.12.2013.pdf,
Bihar,Patna,patna.pdf,https://www.icar-crida.res.in/CP/Bihar/BR27_Patna_28.12.2013.pdf,5dc6538fa2f779a33710984e199875d7de36cac1cd40ec33fba4af637e2cf7a7
Bihar,Purnea,bihar_purnea.pdf,https://www.icar-crida.res.in/CP/Bihar/BR28_Purnea_28.12.2013.pdf,
Bihar,Rohtas,bihar_rohtas.pdf,https://www.icar-crida.res.in/CP/Bihar/BR30_Rohtas_28.12.2013.pdf,
Bihar,Saharsa,bihar_saharsa.pdf,https://www.icar-crida.res.in/CP/Bihar/BR4_Saharsa_28.12.2013.pdf,
Bihar,Samastipur,bihar_samastipur.pdf,https://www.icar-crida.res.in/CP/Bihar/BR3_Samastipur_28.12.2013.pdf,
Bihar,Saran,bihar_saran.pdf,https://www.icar-crida.res.in/CP/Bihar/BR9_Saran_28.12.2013.pdf,
Bihar,Sheikhpura,bihar_sheikhpura.pdf,https://www.icar-crida.res.in/CP/Bihar/BR33_Sheikhpura_28.12.2013.pdf,
Bihar,Shoehar,bihar_shoehar.pdf,https://www.icar-crida.res.in/CP/Bihar/BR32_Sheohar_28.12.2013.pdf,
Bihar,Sitamarhi,bihar_sitamarhi.pdf,https://www.icar-crida.res.in/CP/Bihar/BR37_Sitamarhi%20_28.12.2013.pdf,
Bihar,Siwan,bihar_siwan.pdf,https://www.icar-crida.res.in/CP/Bihar/BR34_Siwan_28.12.2013.pdf,
Bihar,Supaul,bihar_supaul.pdf,https://www.icar-crida.res.in/CP/Bihar/BR35_Supaul_28.12.2013.pdf,
Bihar,Vaishali,bihar_vaishali.pdf,https://www.icar-crida.res.in/CP/Bihar/BR36_Vaishali_28.12.2013.pdf,
Bihar,West Champaran,bihar_west_champaran.pdf,https://www.icar-crida.res.in/CP/Bihar/BR38_West%20Champaran_28.12.2013.pdf,
Chhattisgarh,Balod,chhattisgarh_balod.pdf,https://www.icar-crida.res.in/CP-2012/statewiseplans/Chattisgarh%20(Pdf)/CHH19-Balod-30.08.2014.pdf,
Chhattisgarh,Baloda Bazar,chhattisgarh_baloda_bazar.pdf,https://www.icar-crida.res.in/CP-2012/statewiseplans/Chattisgarh%20(Pdf)/CHH20-Baloda%20Bazar-30.08.2014.pdf,
Chhattisgarh,Balrampur,chhattisgarh_balrampur.pdf,https://www.icar-crida.res.in/CP-2012/statewiseplans/Chattisgarh%20(Pdf)/CHH21-Balrampur-30.08.2014.pdf,
Chhattisgarh,Bastar,chhattisgarh_bastar.pdf,https://www.icar-crida.res.in/CP/Chattisgarh/CHH1-BASTAR-10.08.12.pdf,
Chhattisgarh,Bemetara,chhattisgarh_bemetara.pdf,https://www.icar-crida.res.in/CP-2012/statewiseplans/Chattisgarh%20(Pdf)/CHH22-Bemetara-30.08.2014.pdf,
Chhattisgarh,Bijapur,chhattisgarh_bijapur.pdf,https://www.icar-crida.res.in/CP-2012/statewiseplans/Chattisgarh%20(Pdf)/CHH2-%20BIJAPUR-10.08.12.pdf,
Chhattisgarh,Bilaspur,chhattisgarh_bilaspur.pdf,https://www.icar-crida.res.in/CP-2012/statewiseplans/Chattisgarh%20(Pdf)/CHH18-Bilaspur%20draft%20plan-10.07.14.pdf,
Chhattisgarh,Dantewada,chhattisgarh_dantewada.pdf,https://www.icar-crida.res.in/CP-2012/statewiseplans/Chattisgarh%20(Pdf)/CHH12-Dantewada%20draft%20plan-10.07.14.pdf,
Chhattisgarh,Dhamtari,chhattisgarh_dhamtari.pdf,https://www.icar-crida.res.in/CP-2012/statewiseplans/Chattisgarh%20(Pdf)/CHH13-Dhamtari%20draft%20plan-10.07.14.pdf,
Chhattisgarh,Durg,chhattisgarh_durg.pdf,https://www.icar-crida.res.in/CP-2012/statewiseplans/Chattisgarh%20(Pdf)/CHH7-Durg-30.11.2012.pdf,
Chhattisgarh,Gaiyaband,chhattisgarh_gaiyaband.pdf,https://www.icar-crida.res.in/CP-2012/statewiseplans/Chattisgarh%20(Pdf)/CHH23-Gariyaband-30.08.2014.pdf,
Chhattisgarh,Janjgir,chhattisgarh_janjgir.pdf,https://www.icar-crida.res.in/CP-2012/statewiseplans/Chattisgarh%20(Pdf)/CHH8-Janjgir-%2030.11.2012.pdf,
Chhattisgarh,Jashpur,chhattisgarh_jashpur.pdf,https://www.icar-crida.res.in/CP-2012/statewiseplans/Chattisgarh%20(Pdf)/CHH9-Jashpur-%2031.3.2013.pdf,
Chhattisgarh,Kabirdham,chhattisgarh_kabirdham.pdf,https://www.icar-crida.res.in/CP-2012/statewiseplans/Chattisgarh%20(Pdf)/CHH3-KABIRDHAM-10.08.12.pdf,
Chhattisgarh,Kanker,chhattisgarh_kanker.pdf,https://www.icar-crida.res.in/CP-2012/statewiseplans/Chattisgarh%20(Pdf)/CHH14-Kanker%20draft%20plan-10.07.14.pdf,
Chhattisgarh,Kondagaon,chhattisgarh_kondagaon.pdf,https://www.icar-crida.res.in/CP-2012/statewiseplans/Chattisgarh%20(Pdf)/CHH24-Kondagaon-30.08.2014.pdf,
Chhattisgarh,Korba,chhattisgarh_korba.pdf,https://www.icar-crida.res.in/CP-2012/statewiseplans/Chattisgarh%20(Pdf)/CHH15-Korba%20draft%20plan-10.07.14.pdf,
Chhattisgarh,Koriya,chhattisgarh_koriya.pdf,https://www.icar-crida.res.in/CP-2012/statewiseplans/Chattisgarh%20(Pdf)/CHH10-Koriya-%2031.3.2013.pdf,
Chhattisgarh,Mahasamund,chhattisgarh_mahasamund.pdf,https://www.icar-crida.res.in/CP-2012/statewiseplans/Chattisgarh%20(Pdf)/CHH16-Mahasamund%20draft%20plan-10.07.14.pdf,
Chhattisgarh,Mungeli,chhattisgarh_mungeli.pdf,https://www.icar-crida.res.in/CP-2012/statewiseplans/Chattisgarh%20(Pdf)/CHH25-Mungeli-30.08.2014.pdf,
Chhattisgarh,Narayanpur,chhattisgarh_narayanpur.pdf,https://www.icar-crida.res.in/CP-2012/statewiseplans/Chattisgarh%20(Pdf)/CHH-17-Narayanpur%20draft%20plan-10.7.14.pdf,
Chhattisgarh,Raigarh,chhattisgarh_raigarh.pdf,https://www.icar-crida.res.in/CP-2012/statewiseplans/Chattisgarh%20(Pdf)/CHH4-Raigarh-10.08.12-.pdf,
Chhattisgarh,Raipur,chhattisgarh_raipur.pdf,https://www.icar-crida.res.in/CP-2012/statewiseplans/Chattisgarh%20(Pdf)/CHH5-Raipur-10.08.12-.pdf,
Chhattisgarh,Rajnandaon,chhattisgarh_rajnandaon.pdf,https://www.icar-crida.res.in/CP-2012/statewiseplans/Chattisgarh%20(Pdf)/CHH6-RAJNANDAON-10.08.12-.pdf,
Chhattisgarh,Sukma,chhattisgarh_sukma.pdf,https://www.icar-crida.res.in/CP-2012/statewiseplans/Chattisgarh%20(Pdf)/CHH26-Sukma-30.08.2014.pdf,
Chhattisgarh,Surajpur,chhattisgarh_surajpur.pdf,https://www.icar-crida.res.in/CP-2012/statewiseplans/Chattisgarh%20(Pdf)/CHH27-Surajpur-30.08.2014.pdf,
Chhattisgarh,Surguja,chhattisgarh_surguja.pdf,https://www.icar-crida.res.in/CP-2012/statewiseplans/Chattisgarh%20(Pdf)/CHH11-Surguja-31.3.2013.pdf,
Goa,North Goa,goa_north_goa.pdf,https://www.icar-crida.res.in/CP-2012/statewiseplans/Goa/1North%20Goa.pdf,
Goa,South Goa,goa_south_goa.pdf,https://www.icar-crida.res.in/CP-2012/statewiseplans/Goa/2South%20Goa.pdf,
Gujarat,Ahmedabad,gujarat_ahmedabad.pdf,"https://www.icar-crida.res.in/CP-2012/statewiseplans/Gujarat%20(Pdf)/SKDAU,Banasakantha/GUJ%2022-Ahmedabad%20%2004.105.2011.pdf",
Gujarat,Amreli,gujarat_amreli.pdf,"https://www.icar-crida.res.in/CP-2012/statewiseplans/Gujarat%20(Pdf)/JAU,Junagadh/GUJ%2022-Amreli%2031.05.2011.pdf",
Gujarat,Anand,gujarat_anand.pdf,"https://www.icar-crida.res.in/CP-2012/statewiseplans/Gujarat%20(Pdf)/AAU,Anand/GUJ%2011-Anand%2030.04.2011.pdf",
Gujarat,Arvalli,gujarat_arvalli.pdf,https://www.icar-crida.res.in/CP-2012/statewiseplans/Gujarat%20(Pdf)/Arvalli.pdf,
Gujarat,Banaskantha,gujarat_banaskantha.pdf,"https://www.icar-crida.res.in/CP-2012/statewiseplans/Gujarat%20(Pdf)/SKDAU,Banasakantha/GUJ1-Banaskantha%203.2.2011.pdf",
Gujarat,Bharuch,gujarat_bharuch.pdf,"https://www.icar-crida.res.in/CP-2012/statewiseplans/Gujarat%20(Pdf)/NAU,Navsari/GUJ%2015-Bharuch%2031.05.2011.pdf",
Gujarat,Bhavnagar,gujarat_bhavnagar.pdf,"https://www.icar-crida.res.in/CP-2012/statewiseplans/Gujarat%20(Pdf)/JAU,Junagadh/GUJ%204-Bhavnagar%2030.04.2011.pdf",
Gujarat,Botad,gujarat_botad.pdf,https://www.icar-crida.res.in/CP-2012/statewiseplans/Gujarat%20(Pdf)/Botad.pdf,
Gujarat,Chhota Udepur,gujarat_chhota_udepur.pdf,https://www.icar-crida.res.in/CP-2012/statewiseplans/Gujarat%20(Pdf)/Chhota%20Udepur.pdf,
Gujarat,Dahod,gujarat_dahod.pdf,"https://www.icar-crida.res.in/CP-2012/statewiseplans/Gujarat%20(Pdf)/AAU,Anand/GUJ%2012-Dahod%2030.04.2011.pdf",
Gujarat,Dangs,gujarat_dangs.pdf,"https://www.icar-crida.res.in/CP-2012/statewiseplans/Gujarat%20(Pdf)/NAU,Navsari/GUJ%2016-%20Dangs%2031.05.2011.pdf",
Gujarat,Devbhumi Dwarka,gujarat_devbhumi_dwarka.pdf,https://www.icar-crida.res.in/CP-2012/statewiseplans/Gujarat%20(Pdf)/GUJ26-Devbhumi%20Dwarka-07.05.2016.pdf,
Gujarat,Gandhinagar,gujarat_gandhinagar.pdf,https://www.icar-crida.res.in/CP-2012/statewiseplans/Gujarat%20(Pdf)/GUJ29-Gandhinagar-07.05.2016.pdf,
Gujarat,Gir Somnath,gujarat_gir_somnath.pdf,https://www.icar-crida.res.in/CP-2012/statewiseplans/Gujarat%20(Pdf)/GUJ27-Gir%20Somnath-07.05.2016.pdf,
Gujarat,Jamnagar,gujarat_jamnagar.pdf,"https://www.icar-crida.res.in/CP-2012/statewiseplans/Gujarat%20(Pdf)/JAU,Junagadh/GUJ%205-Jamnagar%2030.04.2011.pdf",
Gujarat,Junagadh,gujarat_junagadh.pdf,"https://www.icar-crida.res.in/CP-2012/statewiseplans/Gujarat%20(Pdf)/JAU,Junagadh/GUJ3-Junagadh%203.2.2011.pdf",
Gujarat,Kheda,gujarat_kheda.pdf,"https://www.icar-crida.res.in/CP-2012/statewiseplans/Gujarat%20(Pdf)/AAU,Anand/GUJ%2023-Kheda%20%2004.105.2011.pdf",
Gujarat,Kutch,gujarat_kutch.pdf,"https://www.icar-crida.res.in/CP-2012/statewiseplans/Gujarat%20(Pdf)/SKDAU,Banasakantha/GUJ%208-Kutch%2030.04.2011.pdf",
Gujarat,Mahisagar,gujarat_mahisagar.pdf,https://www.icar-crida.res.in/CP-2012/statewiseplans/Gujarat%20(Pdf)/Mahisagar.pdf,
Gujarat,Mehasana,gujarat_mehasana.pdf,"https://www.icar-crida.res.in/CP-2012/statewiseplans/Gujarat%20(Pdf)/SKDAU,Banasakantha/GUJ2-Mehsana%203.2.2011.pdf",
Gujarat,Morbi,gujarat_morbi.pdf,https://www.icar-crida.res.in/CP-2012/statewiseplans/Gujarat%20(Pdf)/GUJ28-Morbi-07.05.2016.pdf,
Gujarat,Narmada,gujarat_narmada.pdf,"https://www.icar-crida.res.in/CP-2012/statewiseplans/Gujarat%20(Pdf)/NAU,Navsari/GUJ%2017-Narmada%2031.05.2011.pdf",
Gujarat,Navsari,gujarat_navsari.pdf,"https://www.icar-crida.res.in/CP-2012/statewiseplans/Gujarat%20(Pdf)/NAU,Navsari/GUJ%2018-Navsari%2031.05.2011.pdf",
Gujarat,Panchmahals,gujarat_panchmahals.pdf,"https://www.icar-crida.res.in/CP-2012/statewiseplans/Gujarat%20(Pdf)/AAU,Anand/GUJ%2013-Panchmahals%2030.04.2011.pdf",
Gujarat,Patan,gujarat_patan.pdf,"https://www.icar-crida.res.in/CP-2012/statewiseplans/Gujarat%20(Pdf)/SKDAU,Banasakantha/GUJ%209-Patan%2030.04.2011.pdf",
Gujarat,Porbandar,gujarat_porbandar.pdf,"https://www.icar-crida.res.in/CP-2012/statewiseplans/Gujarat%20(Pdf)/JAU,Junagadh/GUJ%206-Porbandar%2030.04.2011.pdf",
Gujarat,Rajkot,gujarat_rajkot.pdf,"https://www.icar-crida.res.in/CP-2012/statewiseplans/Gujarat%20(Pdf)/JAU,Junagadh/GUJ%2023-Rajkot%2031.05.2011.pdf",
Gujarat,Sabarkantha,gujarat_sabarkantha.pdf,"https://www.icar-crida.res.in/CP-2012/statewiseplans/Gujarat%20(Pdf)/SKDAU,Banasakantha/GUJ%2010-Sabarkantha%2030.04.2011.pdf",
Gujarat,Surat,gujarat_surat.pdf,"https://www.icar-crida.res.in/CP-2012/statewiseplans/Gujarat%20(Pdf)/NAU,Navsari/GUJ%2019-Surat%2031.05.2011.pdf",
Gujarat,Surendranagar,gujarat_surendranagar.pdf,"https://www.icar-crida.res.in/CP-2012/statewiseplans/Gujarat%20(Pdf)/JAU,Junagadh/GUJ%207-Surendranagar%2030.04.2011.pdf",
Gujarat,Tapi,gujarat_tapi.pdf,"https://www.icar-crida.res.in/CP-2012/statewiseplans/Gujarat%20(Pdf)/NAU,Navsari/GUJ%2020-Tapi%2031.05.2011.pdf",
Gujarat,Vadodara,gujarat_vadodara.pdf,"https://www.icar-crida.res.in/CP-2012/statewiseplans/Gujarat%20(Pdf)/AAU,Anand/GUJ%2014-Vadodara%2030.04.2011.pdf",
Gujarat,Valsad,gujarat_valsad.pdf,"https://www.icar-crida.res.in/CP-2012/statewiseplans/Gujarat%20(Pdf)/NAU,Navsari/GUJ%2021-Valsad%2031.05.2011.pdf",
Haryana,Ambala,haryana_ambala.pdf,"https://www.icar-crida.res.in/CP-2012/statewiseplans/Haryana%20(Pdf)/CCSHAU,%20Hisar/HAR6%20-Ambala-30-06-2011.pdf",
Haryana,Bhiwani,haryana_bhiwani.pdf,"https://www.icar-crida.res.in/CP-2012/statewiseplans/Haryana%20(Pdf)/CCSHAU,%20Hisar/HAR5-Bhiwani-30-06-11.pdf",
Haryana,Faridabad,haryana_faridabad.pdf,"https://www.icar-crida.res.in/CP-2012/statewiseplans/Haryana%20(Pdf)/CCSHAU,%20Hisar/HAR7-Faridabad-%2030-06-2011.pdf",
Haryana,Fatehabad,haryana_fatehabad.pdf,"https://www.icar-crida.res.in/CP-2012/statewiseplans/Haryana%20(Pdf)/CCSHAU,%20Hisar/HAR2-Fatehabad-30-06-2011.pdf",
Haryana,Gurgaon,haryana_gurgaon.pdf,"https://www.icar-crida.res.in/CP-2012/statewiseplans/Haryana%20(Pdf)/CCSHAU,%20Hisar/HAR3-Gurgaon-30-06-11.pdf",
Haryana,Hisar,haryana_hisar.pdf,"https://www.icar-crida.res.in/CP-2012/statewiseplans/Haryana%20(Pdf)/CCSHAU,%20Hisar/HAR1-Hisar-30-06-2011.pdf",
Haryana,Jhajjar,haryana_jhajjar.pdf,"https://www.icar-crida.res.in/CP-2012/statewiseplans/Haryana%20(Pdf)/CCSHAU,%20Hisar/HAR19-Jhajjar-30-06-2011.pdf",
Haryana,Jind,haryana_jind.pdf,"https://www.icar-crida.res.in/CP-2012/statewiseplans/Haryana%20(Pdf)/CCSHAU,%20Hisar/HAR8-Jind-30-06-2011.pdf",
Haryana,Kaithal,haryana_kaithal.pdf,"https://www.icar-crida.res.in/CP-2012/statewiseplans/Haryana%20(Pdf)/CCSHAU,%20Hisar/HAR9-Kaithal-30-06-2011.pdf",
Haryana,Karnal,haryana_karnal.pdf,"https://www.icar-crida.res.in/CP-2012/statewiseplans/Haryana%20(Pdf)/CCSHAU,%20Hisar/HAR4-Karnal-30-06-2011.pdf",
Haryana,Kurukshetra,haryana_kurukshetra.pdf,"https://www.icar-crida.res.in/CP-2012/statewiseplans/Haryana%20(Pdf)/CCSHAU,%20Hisar/HAR10-Kurukshetra-30-06-2011.pdf",
Haryana,Mahendragarh,haryana_mahendragarh.pdf,"https://www.icar-crida.res.in/CP-2012/statewiseplans/Haryana%20(Pdf)/CCSHAU,%20Hisar/HAR11-Mahendragarh-30-06-2011.pdf",
Haryana,Mewat,haryana_mewat.pdf,https://www.icar-crida.res.in/CP-2012/statewiseplans/Haryana%20(Pdf)/HAR20-Mewat-10.05.2016.pdf,
Haryana,Palwal,haryana_palwal.pdf,https://www.icar-crida.res.in/CP-2012/statewiseplans/Haryana%20(Pdf)/HAR21-Palwal-10.05.2016.pdf,
Haryana,Panchkula,haryana_panchkula.pdf,"https://www.icar-crida.res.in/CP-2012/statewiseplans/Haryana%20(Pdf)/CCSHAU,%20Hisar/HAR12-Panchkula-30-06-2011.pdf",
Haryana,Panipat,haryana_panipat.pdf,"https://www.icar-crida.res.in/CP-2012/statewiseplans/Haryana%20(Pdf)/CCSHAU,%20Hisar/HAR13-%20Panipat-30-06-2011.pdf",
Haryana,Rewari,haryana_rewari.pdf,"https://www.icar-crida.res.in/CP-2012/statewiseplans/Haryana%20(Pdf)/CCSHAU,%20Hisar/HAR14-Rewari-30-06-2011.pdf",
Haryana,Rohtak,haryana_rohtak.pdf,"https://www.icar-crida.res.in/CP-2012/statewiseplans/Haryana%20(Pdf)/CCSHAU,%20Hisar/HAR15-Rohtak-30-06-2011.pdf",
Haryana,Sirsa,haryana_sirsa.pdf,"https://www.icar-crida.res.in/CP-2012/statewiseplans/Haryana%20(Pdf)/CCSHAU,%20Hisar/HAR16-Sirsa-30-06-2011.pdf",
Haryana,Sonipat,haryana_sonipat.pdf,"https://www.icar-crida.res.in/CP-2012/statewiseplans/Haryana%20(Pdf)/CCSHAU,%20Hisar/HAR17-Sonipat-30-06-2011.pdf",
Haryana,Yamunanagar,haryana_yamunanagar.pdf,"https://www.icar-crida.res.in/CP-2012/statewiseplans/Haryana%20(Pdf)/CCSHAU,%20Hisar/HAR18-Yamunanagar-30-06-2011.pdf",
Himachal Pradesh,Bilaspur,himachal_pradesh_bilaspur.pdf,https://www.icar-crida.res.in/CP-2012/statewiseplans/Himachal%20Pradesh%20(Pdf)/HP2-Bilaspur-31.12.2012.pdf,
Himachal Pradesh,Chamba,himachal_pradesh_chamba.pdf,https://www.icar-crida.res.in/CP-2012/statewiseplans/Himachal%20Pradesh%20(Pdf)/HP9_Chamba_05.10.13.pdf,
Himachal Pradesh,Hamirpur,himachal_pradesh_hamirpur.pdf,https://www.icar-crida.res.in/CP-2012/statewiseplans/Himachal%20Pradesh%20(Pdf)/HP3-Hamirpur-31.12.2012.pdf,
Himachal Pradesh,Kangra,himachal_pradesh_kangra.pdf,https://www.icar-crida.res.in/CP-2012/statewiseplans/Himachal%20Pradesh%20(Pdf)/HP4-Kangra-31.12.2012.pdf,
Himachal Pradesh,Kinnaur,himachal_pradesh_kinnaur.pdf,https://www.icar-crida.res.in/CP-2012/statewiseplans/Himachal%20Pradesh%20(Pdf)/HP10_Kinnaur_05.10.13.pdf,
Himachal Pradesh,Kullu,himachal_pradesh_kullu.pdf,https://www.icar-crida.res.in/CP-2012/statewiseplans/Himachal%20Pradesh%20(Pdf)/HP5-Kullu-31.12.2012.pdf,
Himachal Pradesh,Lahul & Spiti,himachal_pradesh_lahul_spiti.pdf,https://www.icar-crida.res.in/CP-2012/statewiseplans/Himachal%20Pradesh%20(Pdf)/HP6-Lahaul%20&%20Spiti-31.12.2012.pdf,
Himachal Pradesh,Mandi,himachal_pradesh_mandi.pdf,https://www.icar-crida.res.in/CP-2012/statewiseplans/Himachal%20Pradesh%20(Pdf)/HP7-Mandi-31.12.2012.pdf,
Himachal Pradesh,Shimla,himachal_pradesh_shimla.pdf,https://www.icar-crida.res.in/CP-2012/statewiseplans/Himachal%20Pradesh%20(Pdf)/HP11_Shimla_05.10.13.pdf,
Himachal Pradesh,Sirmaur,himachal_pradesh_sirmaur.pdf,https://www.icar-crida.res.in/CP-2012/statewiseplans/Himachal%20Pradesh%20(Pdf)/HP8-Sirmaur-31.12.2012.pdf,
Himachal Pradesh,Solan,himachal_pradesh_solan.pdf,https://www.icar-crida.res.in/CP-2012/statewiseplans/Himachal%20Pradesh%20(Pdf)/HP12_Solan_05.10.13.pdf,
Himachal Pradesh,Una,himachal_pradesh_una.pdf,https://www.icar-crida.res.in/CP-2012/statewiseplans/Himachal%20Pradesh%20(Pdf)/HP1-Una-10.08.12.pdf,
Jammu & Kashmir,Anantnag,jammu_kashmir_anantnag.pdf,https://www.icar-crida.res.in/CP-2012/statewiseplans/J&K%20(Pdf)/JK1-Anantnag-10.08.12.pdf,
Jammu & Kashmir,Bandipora,jammu_kashmir_bandipora.pdf,https://www.icar-crida.res.in/CP-2012/statewiseplans/J&K%20(Pdf)/JK2-Bandipora-10.08.12.pdf,
Jammu & Kashmir,Baramulla,jammu_kashmir_baramulla.pdf,https://www.icar-crida.res.in/CP-2012/statewiseplans/J&K%20(Pdf)/JK3-Baramulla-10.08.12.pdf,
Jammu & Kashmir,Budgam,jammu_kashmir_budgam.pdf,https://www.icar-crida.res.in/CP-2012/statewiseplans/J&K%20(Pdf)/JK4-Budgam-10.08.12.pdf,
Jammu & Kashmir,Doda,jammu_kashmir_doda.pdf,https://www.icar-crida.res.in/CP-2012/statewiseplans/J&K%20(Pdf)/J&K13_Doda_28.12.2013.pdf,
Jammu & Kashmir,Ganderbal,jammu_kashmir_ganderbal.pdf,https://www.icar-crida.res.in/CP-2012/statewiseplans/J&K%20(Pdf)/JK5-Ganderbal-10.08.12.pdf,
Jammu & Kashmir,Jammu,jammu_kashmir_jammu.pdf,https://www.icar-crida.res.in/CP-2012/statewiseplans/J&K%20(Pdf)/J&K14_Jammu_28.12.2013.pdf,
Jammu & Kashmir,Kargil,jammu_kashmir_kargil.pdf,https://www.icar-crida.res.in/CP-2012/statewiseplans/J&K%20(Pdf)/JK6-Kargil-10.08.12.pdf,
Jammu & Kashmir,Kathuva,jammu_kashmir_kathuva.pdf,https://www.icar-crida.res.in/CP-2012/statewiseplans/J&K%20(Pdf)/J&K15_Kathua%20_28.12.2013.pdf,
Jammu & Kashmir,Kistwar,jammu_kashmir_kistwar.pdf,https://www.icar-crida.res.in/CP-2012/statewiseplans/J&K%20(Pdf)/J&K16_Kistwar_28.12.2013.pdf,
Jammu & Kashmir,Kulgam,jammu_kashmir_kulgam.pdf,https://www.icar-crida.res.in/CP-2012/statewiseplans/J&K%20(Pdf)/JK7-Kulgam-10.08.12.pdf,
Jammu & Kashmir,Kupwara,jammu_kashmir_kupwara.pdf,https://www.icar-crida.res.in/CP-2012/statewiseplans/J&K%20(Pdf)/JK8-Kupwara-10.08.12.pdf,
Jammu & Kashmir,Leh,jammu_kashmir_leh.pdf,https://www.icar-crida.res.in/CP-2012/statewiseplans/J&K%20(Pdf)/JK9-Leh-10.08.12.pdf,
Jammu & Kashmir,Poonch,jammu_kashmir_poonch.pdf,https://www.icar-crida.res.in/CP/J&K/J&K17_Poonch_28.12.2013.pdf,
Jammu & Kashmir,Pulwama,jammu_kashmir_pulwama.pdf,https://www.icar-crida.res.in/CP-2012/statewiseplans/J&K%20(Pdf)/JK10-Pulwama-10.08.12.pdf,
Jammu & Kashmir,Rajouri,jammu_kashmir_rajouri.pdf,https://www.icar-crida.res.in/CP-2012/statewiseplans/J&K%20(Pdf)/J&K18_Rajouri_28.12.2013.pdf,
Jammu & Kashmir,Ramban,jammu_kashmir_ramban.pdf,https://www.icar-crida.res.in/CP-2012/statewiseplans/J&K%20(Pdf)/J&K19_Ramban_28.12.2013.pdf,
Jammu & Kashmir,Reashi,jammu_kashmir_reashi.pdf,https://www.icar-crida.res.in/CP-2012/statewiseplans/J&K%20(Pdf)/J&K20_Reashi_28.12.2013.pdf,
Jammu & Kashmir,Samba,jammu_kashmir_samba.pdf,https://www.icar-crida.res.in/CP-2012/statewiseplans/J&K%20(Pdf)/J&K21_Samba_28.12.2013.pdf,
Jammu & Kashmir,Shopian,jammu_kashmir_shopian.pdf,https://www.icar-crida.res.in/CP-2012/statewiseplans/J&K%20(Pdf)/JK11-Shopian-10.08.12.pdf,
Jammu & Kashmir,Srinagar,jammu_kashmir_srinagar.pdf,https://www.icar-crida.res.in/CP-2012/statewiseplans/J&K%20(Pdf)/JK12-Srinagar-10.08.12.pdf,
Jammu & Kashmir,Udhampur,jammu_kashmir_udhampur.pdf,https://www.icar-crida.res.in/CP-2012/statewiseplans/J&K%20(Pdf)/J&K22_Udhampur_28.12.2013.pdf,
Jharkhand,Bokaro,jharkhand_bokaro.pdf,https://www.icar-crida.res.in/CP-2012/statewiseplans/Jharkhand%20(Pdf)/JKD21_Bokaro_30.09.2013.pdf,
Jharkhand,Chatra,jharkhand_chatra.pdf,https://www.icar-crida.res.in/CP-2012/statewiseplans/Jharkhand%20(Pdf)/JKD2-Chatra-28.08.12.pdf,
Jharkhand,Deoghar,jharkhand_deoghar.pdf,https://www.icar-crida.res.in/CP-2012/statewiseplans/Jharkhand%20(Pdf)/JKD4-Deoghar-30.11.12.pdf,
Jharkhand,Dhanbad,jharkhand_dhanbad.pdf,https://www.icar-crida.res.in/CP-2012/statewiseplans/Jharkhand%20(Pdf)/JKD17-Dhanbad-31.03.2013.pdf,
Jharkhand,Dumka,jharkhand_dumka.pdf,https://www.icar-crida.res.in/CP-2012/statewiseplans/Jharkhand%20(Pdf)/JKD19-Dumka-31.03.2013.pdf,
Jharkhand,Garhwa,jharkhand_garhwa.pdf,https://www.icar-crida.res.in/CP-2012/statewiseplans/Jharkhand%20(Pdf)/JKD1-Garhwa-10.08.12.pdf,
Jharkhand,Giridh,jharkhand_giridh.pdf,https://www.icar-crida.res.in/CP-2012/statewiseplans/Jharkhand%20(Pdf)/JKD18-Giridh-31.03.2013.pdf,
Jharkhand,Godda,jharkhand_godda.pdf,https://www.icar-crida.res.in/CP-2012/statewiseplans/Jharkhand%20(Pdf)/JKD6-Godda-30.11.12.pdf,
Jharkhand,Gumla,jharkhand_gumla.pdf,https://www.icar-crida.res.in/CP-2012/statewiseplans/Jharkhand%20(Pdf)/JKD22_Gumla_30.09.2013.pdf,
Jharkhand,Hazaribagh,jharkhand_hazaribagh.pdf,https://www.icar-crida.res.in/CP-2012/statewiseplans/Jharkhand%20(Pdf)/JKD7-Hazaribagh-30.11.12.pdf,
Jharkhand,Jamtara,jharkhand_jamtara.pdf,https://www.icar-crida.res.in/CP-2012/statewiseplans/Jharkhand%20(Pdf)/JKD8-Jamtara-30.11.12.pdf,
Jharkhand,Koderma,jharkhand_koderma.pdf,https://www.icar-crida.res.in/CP-2012/statewiseplans/Jharkhand%20(Pdf)/JKD9-Koderma-30.11.12.pdf,
Jharkhand,Latehar,jharkhand_latehar.pdf,https://www.icar-crida.res.in/CP-2012/statewiseplans/Jharkhand%20(Pdf)/JKD20-Latehar-31.03.2013.pdf,
Jharkhand,Lohardaga,jharkhand_lohardaga.pdf,https://www.icar-crida.res.in/CP-2012/statewiseplans/Jharkhand%20(Pdf)/JKD10-Lohardaga-30.11.12.pdf,
Jharkhand,Pakur,jharkhand_pakur.pdf,https://www.icar-crida.res.in/CP-2012/statewiseplans/Jharkhand%20(Pdf)/JKD11-Pakur-30.11.12.pdf,
Jharkhand,Palamau,jharkhand_palamau.pdf,https://www.icar-crida.res.in/CP-2012/statewiseplans/Jharkhand%20(Pdf)/JKD3_Palamau_30.09.2013.pdf,
Jharkhand,Ramgarh,jharkhand_ramgarh.pdf,https://www.icar-crida.res.in/CP-2012/statewiseplans/Jharkhand%20(Pdf)/JKD25_Ramgarh_30.09.2013.pdf,
Jharkhand,Ranchi,jharkhand_ranchi.pdf,https://www.icar-crida.res.in/CP-2012/statewiseplans/Jharkhand%20(Pdf)/JKD12-Ranchi-30.11.12.pdf,
Jharkhand,Sahibganj,jharkhand_sahibganj.pdf,https://www.icar-crida.res.in/CP-2012/statewiseplans/Jharkhand%20(Pdf)/JKD13-Sahibganj-30.11.12.pdf,
Jharkhand,Saraikela,jharkhand_saraikela.pdf,https://www.icar-crida.res.in/CP-2012/statewiseplans/Jharkhand%20(Pdf)/JKD14-Saraikela-30.11.12.pdf,
Jharkhand,Simdega,jharkhand_simdega.pdf,https://www.icar-crida.res.in/CP-2012/statewiseplans/Jharkhand%20(Pdf)/JKD15-Simdega-30.11.12.pdf,
Jharkhand,Singhbhum,jharkhand_singhbhum.pdf,https://www.icar-crida.res.in/CP-2012/statewiseplans/Jharkhand%20(Pdf)/JKD5-East%20Singhbhum-30.11.12.pdf,
Jharkhand,West Singhbhum,jharkhand_west_singhbhum.pdf,https://www.icar-crida.res.in/CP-2012/statewiseplans/Jharkhand%20(Pdf)/JKD16-West%20Singhbhum-30.11.12.pdf,
Karnataka,Bagalkot,karnataka_bagalkot.pdf,"https://www.icar-crida.res.in/CP-2012/statewiseplans/Karnataka%20(Pdf)/UAS,%20Dharward/KA1-Bagalkot%2031.1.2011.pdf",
Karnataka,Belgaum,karnataka_belgaum.pdf,"https://www.icar-crida.res.in/CP-2012/statewiseplans/Karnataka%20(Pdf)/UAS,%20Dharward/KAR21-%20Belgaum%2031.05.2011.pdf",
Karnataka,Bellary,karnataka_bellary.pdf,"https://www.icar-crida.res.in/CP-2012/statewiseplans/Karnataka%20(Pdf)/UAS,%20Raichur/KA25-Bellary%2004.10.2011.pdf",
Karnataka,Bengaluru Rural,karnataka_bengaluru_rural.pdf,"https://www.icar-crida.res.in/CP-2012/statewiseplans/Karnataka%20(Pdf)/GKVK,%20Bangalore/KAR3-Bengaluru_Rural%2031.1.2011.pdf",
Karnataka,Bidar,karnataka_bidar.pdf,"https://www.icar-crida.res.in/CP-2012/statewiseplans/Karnataka%20(Pdf)/UAS,%20Raichur/KA4-Bidar%2031.1.2011.pdf",
Karnataka,Bijapur,karnataka_bijapur.pdf,"https://www.icar-crida.res.in/CP-2012/statewiseplans/Karnataka%20(Pdf)/UAS,%20Dharward/KA6-Bijapur%203.2.2011.pdf",
Karnataka,Chamarajanagar,karnataka_chamarajanagar.pdf,"https://www.icar-crida.res.in/CP-2012/statewiseplans/Karnataka%20(Pdf)/GKVK,%20Bangalore/KAR18-CHAMARAJANAGAR%2031.03.2011.pdf",
Karnataka,Chickballapur,karnataka_chickballapur.pdf,"https://www.icar-crida.res.in/CP-2012/statewiseplans/Karnataka%20(Pdf)/GKVK,%20Bangalore/KAR11-CHICKBALLAPUR%2031.03.2011.pdf",
Karnataka,Chikmagalur,karnataka_chikmagalur.pdf,"https://www.icar-crida.res.in/CP-2012/statewiseplans/Karnataka%20(Pdf)/GKVK,%20Bangalore/KAR12-CHIKMAGALUR%2031.03.2011.pdf",
Karnataka,Chitradurga,karnataka_chitradurga.pdf,"https://www.icar-crida.res.in/CP-2012/statewiseplans/Karnataka%20(Pdf)/GKVK,%20Bangalore/KA27-Chitradurga%2004.10.2011.pdf",
Karnataka,Dakshina Kannada,karnataka_dakshina_kannada.pdf,"https://www.icar-crida.res.in/CP-2012/statewiseplans/Karnataka%20(Pdf)/GKVK,%20Bangalore/KAR13-DAKSHINA%20KANNADA%2031.03.2011.pdf",
Karnataka,Davanagere,karnataka_davanagere.pdf,"https://www.icar-crida.res.in/CP-2012/statewiseplans/Karnataka%20(Pdf)/GKVK,%20Bangalore/KAR14-DAVANAGERE%2031.03.2011.pdf",
Karnataka,Dharwad,karnataka_dharwad.pdf,"https://www.icar-crida.res.in/CP-2012/statewiseplans/Karnataka%20(Pdf)/UAS,%20Dharward/KA7-Dharwad%203.2.2011.pdf",
Karnataka,Gadag,karnataka_gadag.pdf,"https://www.icar-crida.res.in/CP-2012/statewiseplans/Karnataka%20(Pdf)/UAS,%20Dharward/KA9-Gadag%203.2.2011.pdf",
Karnataka,Gulbarga,karnataka_gulbarga.pdf,"https://www.icar-crida.res.in/CP-2012/statewiseplans/Karnataka%20(Pdf)/UAS,%20Raichur/KA8-Gulbarga%203.2.2011.pdf",
Karnataka,Hassan,karnataka_hassan.pdf,"https://www.icar-crida.res.in/CP-2012/statewiseplans/Karnataka%20(Pdf)/GKVK,%20Bangalore/KA28-Hassan%20%2004.10.2011.pdf",
Karnataka,Haveri,karnataka_haveri.pdf,"https://www.icar-crida.res.in/CP-2012/statewiseplans/Karnataka%20(Pdf)/UAS,%20Dharward/KAR22-%20Haveri%2031.05.2011.pdf",
Karnataka,Kodagu,karnataka_kodagu.pdf,"https://www.icar-crida.res.in/CP-2012/statewiseplans/Karnataka%20(Pdf)/GKVK,%20Bangalore/KA29-Kodagu%20%2004.10.2011.pdf",
Karnataka,Kolar,karnataka_kolar.pdf,"https://www.icar-crida.res.in/CP-2012/statewiseplans/Karnataka%20(Pdf)/GKVK,%20Bangalore/KAR15-KOLAR%2031.03.2011.pdf",
Karnataka,Koppal,karnataka_koppal.pdf,"https://www.icar-crida.res.in/CP-2012/statewiseplans/Karnataka%20(Pdf)/UAS,%20Raichur/KA5-Koppal%2031.1.2011.pdf",
Karnataka,Mandya,karnataka_mandya.pdf,"https://www.icar-crida.res.in/CP-2012/statewiseplans/Karnataka%20(Pdf)/GKVK,%20Bangalore/KAR16-MANDYA%2031.03.2011.pdf",
Karnataka,Mysore,karnataka_mysore.pdf,"https://www.icar-crida.res.in/CP-2012/statewiseplans/Karnataka%20(Pdf)/GKVK,%20Bangalore/KAR24-%20Mysore%2031.05.2011.pdf",
Karnataka,Raichur,karnataka_raichur.pdf,"https://www.icar-crida.res.in/CP-2012/statewiseplans/Karnataka%20(Pdf)/UAS,%20Raichur/KA10-Raichur%203.2.2011.pdf",
Karnataka,Ramanagara,karnataka_ramanagara.pdf,"https://www.icar-crida.res.in/CP-2012/statewiseplans/Karnataka%20(Pdf)/GKVK,%20Bangalore/KAR19-%20Ramanagara%2031.05.2011.pdf",
Karnataka,Shimoga,karnataka_shimoga.pdf,"https://www.icar-crida.res.in/CP-2012/statewiseplans/Karnataka%20(Pdf)/GKVK,%20Bangalore/KAR17-SHIMOGA%2031.03.2011.pdf",
Karnataka,Tumkur,karnataka_tumkur.pdf,"https://www.icar-crida.res.in/CP-2012/statewiseplans/Karnataka%20(Pdf)/GKVK,%20Bangalore/KAR%2020-%20Tumkur%2031.05.2011.pdf",
Karnataka,Udupi,karnataka_udupi.pdf,"https://www.icar-crida.res.in/CP-2012/statewiseplans/Karnataka%20(Pdf)/GKVK,%20Bangalore/KAR2-Udupi%2031.1.2011.pdf",
Karnataka,Uttar Kannada,karnataka_uttar_kannada.pdf,"https://www.icar-crida.res.in/CP-2012/statewiseplans/Karnataka%20(Pdf)/UAS,%20Dharward/KAR23-%20Uttara%20Kannada%2031.05.2011.pdf",
Karnataka,Yadgir,karnataka_yadgir.pdf,"https://www.icar-crida.res.in/CP-2012/statewiseplans/Karnataka%20(Pdf)/UAS,%20Raichur/KA26-Yadgir%20%2004.10.2011.pdf",
Kerala,Alappuzha,kerala_alappuzha.pdf,"https://www.icar-crida.res.in/CP-2012/statewiseplans/kerala%20(Pdf)/KAU,%20Trichur/KER7-Alapuzha-30-06-2011.pdf",
Kerala,Ernakulam,kerala_ernakulam.pdf,"https://www.icar-crida.res.in/CP-2012/statewiseplans/kerala%20(Pdf)/KAU,%20Trichur/KER12-Ernakulam-30-06-2011.pdf",
Kerala,Idukki,kerala_idukki.pdf,"https://www.icar-crida.res.in/CP-2012/statewiseplans/kerala%20(Pdf)/KAU,%20Trichur/KER8-Idukki-30-06-2011.pdf",
Kerala,Kannur,kerala_kannur.pdf,"https://www.icar-crida.res.in/CP-2012/statewiseplans/kerala%20(Pdf)/KAU,%20Trichur/KER10-Kannur-30-06-2011.pdf",
Kerala,Kasaragod,kerala_kasaragod.pdf,"https://www.icar-crida.res.in/CP-2012/statewiseplans/kerala%20(Pdf)/KAU,%20Trichur/KER2-Kasaragod-30-06-2011.pdf",
Kerala,Kollam,kerala_kollam.pdf,"https://www.icar-crida.res.in/CP-2012/statewiseplans/kerala%20(Pdf)/KAU,%20Trichur/KER9-Kollam-30-06-2011.pdf",
Kerala,Kottayam,kerala_kottayam.pdf,"https://www.icar-crida.res.in/CP-2012/statewiseplans/kerala%20(Pdf)/KAU,%20Trichur/KER5-Kottayam-30-06-2011.pdf",
Kerala,Kozhikode,kerala_kozhikode.pdf,"https://www.icar-crida.res.in/CP-2012/statewiseplans/kerala%20(Pdf)/KAU,%20Trichur/KER3-Kozhikode-30-06-2011.pdf",
Kerala,Malappuram,kerala_malappuram.pdf,"https://www.icar-crida.res.in/CP-2012/statewiseplans/kerala%20(Pdf)/KAU,%20Trichur/KER11-Malappuram-30-06-2011.pdf",
Kerala,Palakkad,kerala_palakkad.pdf,"https://www.icar-crida.res.in/CP-2012/statewiseplans/kerala%20(Pdf)/KAU,%20Trichur/KER6-Palakkad-30-06-2011.pdf",
Kerala,Pathanamthitta,kerala_pathanamthitta.pdf,"https://www.icar-crida.res.in/CP-2012/statewiseplans/kerala%20(Pdf)/KAU,%20Trichur/KER13-Pathanamthitta-30-06-2011.pdf",
Kerala,Thiruvananthapuram,kerala_thiruvananthapuram.pdf,"https://www.icar-crida.res.in/CP-2012/statewiseplans/kerala%20(Pdf)/KAU,%20Trichur/KER14-Trivandrum-30-06-2011.pdf",
Kerala,Thrissur,kerala_thrissur.pdf,"https://www.icar-crida.res.in/CP-2012/statewiseplans/kerala%20(Pdf)/KAU,%20Trichur/KER4-Trissur-30-06-2011.pdf",
Kerala,Wayanad,kerala_wayanad.pdf,"https://www.icar-crida.res.in/CP-2012/statewiseplans/kerala%20(Pdf)/KAU,%20Trichur/KER1-Waynad-30-06-2011.pdf",
Madhya Pradesh,Agar Malwa,madhya_pradesh_agar_malwa.pdf,https://www.icar-crida.res.in/CP-2012/statewiseplans/madhya%20pradesh/MP51-Agar%20Malwa-07.05.2016.pdf,
Madhya Pradesh,Alirajpur,madhya_pradesh_alirajpur.pdf,https://www.icar-crida.res.in/CP-2012/statewiseplans/madhya%20pradesh/MP50-Alirajpur-22.07.14.pdf,
Madhya Pradesh,Anuppur,madhya_pradesh_anuppur.pdf,https://www.icar-crida.res.in/CP-2012/statewiseplans/madhya%20pradesh/MP25_Anuppur_20.05.2013.pdf,
Madhya Pradesh,Ashoknagar,madhya_pradesh_ashoknagar.pdf,https://www.icar-crida.res.in/CP-2012/statewiseplans/madhya%20pradesh/MP20-Ashoknagar-26.6.2012.pdf,
Madhya Pradesh,Badwani,madhya_pradesh_badwani.pdf,https://www.icar-crida.res.in/CP-2012/statewiseplans/madhya%20pradesh/MP1-Badwani-26.6.2012.pdf,
Madhya Pradesh,Balaghat,madhya_pradesh_balaghat.pdf,https://www.icar-crida.res.in/CP-2012/statewiseplans/madhya%20pradesh/MP26_Balaghat_20.05.2013.pdf,
Madhya Pradesh,Betul,madhya_pradesh_betul.pdf,https://www.icar-crida.res.in/CP-2012/statewiseplans/madhya%20pradesh/MP27_Betul_20.05.2013.pdf,
Madhya Pradesh,Bhind,madhya_pradesh_bhind.pdf,https://www.icar-crida.res.in/CP-2012/statewiseplans/madhya%20pradesh/MP21-Bhind-26.6.2012.pdf,
Madhya Pradesh,Bhopal,madhya_pradesh_bhopal.pdf,https://www.icar-crida.res.in/CP-2012/statewiseplans/madhya%20pradesh/MP42_Bhopal_24.09.13.pdf,
Madhya Pradesh,Burhanpur,madhya_pradesh_burhanpur.pdf,https://www.icar-crida.res.in/CP-2012/statewiseplans/madhya%20pradesh/MP3-Burhanpur-26.6.2012.pdf,
Madhya Pradesh,Chhatarpur,madhya_pradesh_chhatarpur.pdf,https://www.icar-crida.res.in/CP-2012/statewiseplans/madhya%20pradesh/MP37_Chhatarpur_30.05.2013.pdf,
Madhya Pradesh,Chhindhwara,madhya_pradesh_chhindhwara.pdf,https://www.icar-crida.res.in/CP-2012/statewiseplans/madhya%20pradesh/MP43_Chhindhwara_24.09.13.pdf,
Madhya Pradesh,Damoh,madhya_pradesh_damoh.pdf,https://www.icar-crida.res.in/CP-2012/statewiseplans/madhya%20pradesh/MP44_Damoh_24.09.13.pdf,
Madhya Pradesh,Datia,madhya_pradesh_datia.pdf,https://www.icar-crida.res.in/CP-2012/statewiseplans/madhya%20pradesh/MP4-Datia-26.6.2012.pdf,
Madhya Pradesh,Dewas,madhya_pradesh_dewas.pdf,https://www.icar-crida.res.in/CP-2012/statewiseplans/madhya%20pradesh/MP5-Dewas-26.6.2012.pdf,
Madhya Pradesh,Dhar,madhya_pradesh_dhar.pdf,https://www.icar-crida.res.in/CP-2012/statewiseplans/madhya%20pradesh/MP22-Dhar-26.6.2012.pdf,
Madhya Pradesh,Dindori,madhya_pradesh_dindori.pdf,https://www.icar-crida.res.in/CP-2012/statewiseplans/madhya%20pradesh/MP38_Dindori_07.06.2013.pdf,
Madhya Pradesh,Guna,madhya_pradesh_guna.pdf,https://www.icar-crida.res.in/CP-2012/statewiseplans/madhya%20pradesh/MP6-Guna-26.6.2012.pdf,
Madhya Pradesh,Gwalior,madhya_pradesh_gwalior.pdf,https://www.icar-crida.res.in/CP-2012/statewiseplans/madhya%20pradesh/MP7-Gwalior-26.6.2012.pdf,
Madhya Pradesh,Harda,madhya_pradesh_harda.pdf,https://www.icar-crida.res.in/CP-2012/statewiseplans/madhya%20pradesh/MP45_Harda_24.09.13.pdf,
Madhya Pradesh,Hoshangabad,madhya_pradesh_hoshangabad.pdf,https://www.icar-crida.res.in/CP-2012/statewiseplans/madhya%20pradesh/MP46_Hoshangabad_24.09.13.pdf,
Madhya Pradesh,Indore,madhya_pradesh_indore.pdf,https://www.icar-crida.res.in/CP-2012/statewiseplans/madhya%20pradesh/MP24-Indore-31.12.2012.pdf,
Madhya Pradesh,Jabalpur,madhya_pradesh_jabalpur.pdf,https://www.icar-crida.res.in/CP-2012/statewiseplans/madhya%20pradesh/MP31_Jabalpur_30.05.2013.pdf,
Madhya Pradesh,Jhabua,madhya_pradesh_jhabua.pdf,https://www.icar-crida.res.in/CP-2012/statewiseplans/madhya%20pradesh/MP8-Jhabua-26.6.2012.pdf,
Madhya Pradesh,Katni,madhya_pradesh_katni.pdf,https://www.icar-crida.res.in/CP-2012/statewiseplans/madhya%20pradesh/MP32_Katni_30.05.2013.pdf,
Madhya Pradesh,Khandwa,madhya_pradesh_khandwa.pdf,https://www.icar-crida.res.in/CP-2012/statewiseplans/madhya%20pradesh/MP9-Khandawa-26.6.2012.pdf,
Madhya Pradesh,Mandla,madhya_pradesh_mandla.pdf,https://www.icar-crida.res.in/CP-2012/statewiseplans/madhya%20pradesh/MP39_Mandla_07.06.2013.pdf,
Madhya Pradesh,Mandsaur,madhya_pradesh_mandsaur.pdf,https://www.icar-crida.res.in/CP-2012/statewiseplans/madhya%20pradesh/MP11-Mandsour-26.6.2012.pdf,
Madhya Pradesh,Morena,madhya_pradesh_morena.pdf,https://www.icar-crida.res.in/CP-2012/statewiseplans/madhya%20pradesh/MP12-Morena-26.6.2012.pdf,
Madhya Pradesh,Narsinghpur,madhya_pradesh_narsinghpur.pdf,https://www.icar-crida.res.in/CP-2012/statewiseplans/madhya%20pradesh/MP47_Narsinghpur_24.09.13.pdf,
Madhya Pradesh,Neemuch,madhya_pradesh_neemuch.pdf,https://www.icar-crida.res.in/CP-2012/statewiseplans/madhya%20pradesh/MP13-Neemach-26.6.2012.pdf,
Madhya Pradesh,Panna,madhya_pradesh_panna.pdf,https://www.icar-crida.res.in/CP-2012/statewiseplans/madhya%20pradesh/MP33_Panna_30.05.2013.pdf,
Madhya Pradesh,Raisen,madhya_pradesh_raisen.pdf,https://www.icar-crida.res.in/CP-2012/statewiseplans/madhya%20pradesh/MP48_Raisen_24.09.13.pdf,
Madhya Pradesh,Rajgarh,madhya_pradesh_rajgarh.pdf,https://www.icar-crida.res.in/CP-2012/statewiseplans/madhya%20pradesh/MP14-Rajgarh-26.6.2012.pdf,
Madhya Pradesh,Ratlam,madhya_pradesh_ratlam.pdf,https://www.icar-crida.res.in/CP-2012/statewiseplans/madhya%20pradesh/MP15-Ratlam-26.6.2012.pdf,
Madhya Pradesh,Rewa,madhya_pradesh_rewa.pdf,https://www.icar-crida.res.in/CP-2012/statewiseplans/madhya%20pradesh/MP28_Rewa_20.05.2013.pdf,
Madhya Pradesh,Sagar,madhya_pradesh_sagar.pdf,https://www.icar-crida.res.in/CP-2012/statewiseplans/madhya%20pradesh/MP29_Sagar_20.05.2013.pdf,
Madhya Pradesh,Satna,madhya_pradesh_satna.pdf,https://www.icar-crida.res.in/CP-2012/statewiseplans/madhya%20pradesh/MP30_Satna_20.05.2013.pdf,
Madhya Pradesh,Sehore,madhya_pradesh_sehore.pdf,https://www.icar-crida.res.in/CP-2012/statewiseplans/madhya%20pradesh/MP16-Sehore-26.6.2012.pdf,
Madhya Pradesh,Seoni,madhya_pradesh_seoni.pdf,https://www.icar-crida.res.in/CP-2012/statewiseplans/madhya%20pradesh/MP34_Seoni_30.05.2013..pdf,
Madhya Pradesh,Shahadol,madhya_pradesh_shahadol.pdf,https://www.icar-crida.res.in/CP-2012/statewiseplans/madhya%20pradesh/MP40_Shahadol_07.06.2013.pdf,
Madhya Pradesh,Shajapur,madhya_pradesh_shajapur.pdf,https://www.icar-crida.res.in/CP-2012/statewiseplans/madhya%20pradesh/MP17-Shajapur-26.6.2012.pdf,
Madhya Pradesh,Sheopur,madhya_pradesh_sheopur.pdf,https://www.icar-crida.res.in/CP-2012/statewiseplans/madhya%20pradesh/MP18-Sheopur-26.6.2012.pdf,
Madhya Pradesh,Shivpuri,madhya_pradesh_shivpuri.pdf,https://www.icar-crida.res.in/CP-2012/statewiseplans/madhya%20pradesh/MP19-Shivpuri-26.6.2012.pdf,
Madhya Pradesh,Sidhi,madhya_pradesh_sidhi.pdf,https://www.icar-crida.res.in/CP-2012/statewiseplans/madhya%20pradesh/MP35_Sidhi_22.07.2014.pdf,
Madhya Pradesh,Singrauli,madhya_pradesh_singrauli.pdf,https://www.icar-crida.res.in/CP-2012/statewiseplans/madhya%20pradesh/MP2_Singrauli_22.07.2014.pdf,
Madhya Pradesh,Tikamgarh,madhya_pradesh_tikamgarh.pdf,https://www.icar-crida.res.in/CP-2012/statewiseplans/madhya%20pradesh/MP36_Tikamgarh_30.05.2013.pdf,
Madhya Pradesh,Ujjain,madhya_pradesh_ujjain.pdf,https://www.icar-crida.res.in/CP-2012/statewiseplans/madhya%20pradesh/MP23-Ujjain-26.6.2012.pdf,
Madhya Pradesh,Umaria,madhya_pradesh_umaria.pdf,https://www.icar-crida.res.in/CP-2012/statewiseplans/madhya%20pradesh/MP41_Umaria_07.06.2013.pdf,
Madhya Pradesh,Vidisha,madhya_pradesh_vidisha.pdf,https://www.icar-crida.res.in/CP-2012/statewiseplans/madhya%20pradesh/MP49_Vidisha_24.09.13.pdf,
Maharashtra,Ahmednagar,maharashtra_ahmednagar.pdf,"https://www.icar-crida.res.in/CP-2012/statewiseplans/Maharastra(Pdf)/MPKVV,%20Rahuri/MH2-AHMEDNAGAR%2031.03.2011.pdf",
Maharashtra,Akola,maharashtra_akola.pdf,"https://www.icar-crida.res.in/CP-2012/statewiseplans/Maharastra(Pdf)/PDKV,%20Akola/Akola.pdf",
Maharashtra,Amravati,maharashtra_amravati.pdf,"https://www.icar-crida.res.in/CP-2012/statewiseplans/Maharastra(Pdf)/PDKV,%20Akola/Amravati.pdf",
Maharashtra,Aurangabad,maharashtra_aurangabad.pdf,"https://www.icar-crida.res.in/CP-2012/statewiseplans/Maharastra(Pdf)/MAU,%20Parbhani/Maharashtra%2026-Aurangabad-3%201-12-2011.pdf",
Maharashtra,Beed,maharashtra_beed.pdf,"https://www.icar-crida.res.in/CP-2012/statewiseplans/Maharastra(Pdf)/MAU,%20Parbhani/Maharashtra%2027-Beed-3%201-12-2011.pdf",
Maharashtra,Bhandara,maharashtra_bhandara.pdf,"https://www.icar-crida.res.in/CP-2012/statewiseplans/Maharastra(Pdf)/PDKV,%20Akola/Bhandara.pdf",
Maharashtra,Buldhana,maharashtra_buldhana.pdf,"https://www.icar-crida.res.in/CP-2012/statewiseplans/Maharastra(Pdf)/PDKV,%20Akola/Buldhana.pdf",
Maharashtra,Chandrapur,maharashtra_chandrapur.pdf,"https://www.icar-crida.res.in/CP-2012/statewiseplans/Maharastra(Pdf)/PDKV,%20Akola/Chandrapur.pdf",
Maharashtra,Dhule,maharashtra_dhule.pdf,"https://www.icar-crida.res.in/CP-2012/statewiseplans/Maharastra(Pdf)/MPKVV,%20Rahuri/MH3-DHULE%2031.03.2011.pdf",
Maharashtra,Gadchiroli,maharashtra_gadchiroli.pdf,"https://www.icar-crida.res.in/CP-2012/statewiseplans/Maharastra(Pdf)/PDKV,%20Akola/Gadchiroli.pdf",
Maharashtra,Gondia,maharashtra_gondia.pdf,"https://www.icar-crida.res.in/CP-2012/statewiseplans/Maharastra(Pdf)/PDKV,%20Akola/Gondia.pdf",
Maharashtra,Hingoli,maharashtra_hingoli.pdf,"https://www.icar-crida.res.in/CP-2012/statewiseplans/Maharastra(Pdf)/MAU,%20Parbhani/Maharashtra%2032-Hingoli-%2031-12-2011.pdf",
Maharashtra,Jalgaon,maharashtra_jalgaon.pdf,"https://www.icar-crida.res.in/CP-2012/statewiseplans/Maharastra(Pdf)/MPKVV,%20Rahuri/MH4-JALGAON%2031.03.2011.pdf",
Maharashtra,Jalna,maharashtra_jalna.pdf,"https://www.icar-crida.res.in/CP-2012/statewiseplans/Maharastra(Pdf)/MAU,%20Parbhani/Maharashtra%2033-Jalna-31-12-2011.pdf",
Maharashtra,Kolhapur,maharashtra_kolhapur.pdf,"https://www.icar-crida.res.in/CP-2012/statewiseplans/Maharastra(Pdf)/MPKVV,%20Rahuri/MH5-%20KOLHAPUR%2031.03.2011.pdf",
Maharashtra,Latur,maharashtra_latur.pdf,"https://www.icar-crida.res.in/CP-2012/statewiseplans/Maharastra(Pdf)/MAU,%20Parbhani/Maharashtra%2028%20-Latur-%2031-12-2011.pdf",
Maharashtra,Nagpur,nagpur.pdf,"https://www.icar-crida.res.in/CP-2012/statewiseplans/Maharastra(Pdf)/PDKV,%20Akola/Nagpur.pdf",f1e97fb7f8b7672a8942eeb29902e6af2fee4465b5511d405808f56233b7dbb5
Maharashtra,Nanded,maharashtra_nanded.pdf,"https://www.icar-crida.res.in/CP-2012/statewiseplans/Maharastra(Pdf)/MAU,%20Parbhani/Maharashtra%2029-Nanded-%2031-12-2011.pdf",
Maharashtra,Nandurbar,maharashtra_nandurbar.pdf,"https://www.icar-crida.res.in/CP-2012/statewiseplans/Maharastra(Pdf)/MPKVV,%20Rahuri/MH6-NANDURBAR%2031.03.2011.pdf",
Maharashtra,Nasik,maharashtra_nasik.pdf,"https://www.icar-crida.res.in/CP-2012/statewiseplans/Maharastra(Pdf)/MPKVV,%20Rahuri/MH7-NASIK%2031.03.2011.pdf",
Maharashtra,Osmanabad,maharashtra_osmanabad.pdf,"https://www.icar-crida.res.in/CP-2012/statewiseplans/Maharastra(Pdf)/MAU,%20Parbhani/Maharashtra%2030-Osmanabad-%2031-12-2011.pdf",
Maharashtra,Palghar,maharashtra_palghar.pdf,https://www.icar-crida.res.in/CP-2012/statewiseplans/Maharastra(Pdf)/MH34-Palghar-07.05.2016.pdf,
Maharashtra,Parbhani,maharashtra_parbhani.pdf,"https://www.icar-crida.res.in/CP-2012/statewiseplans/Maharastra(Pdf)/MAU,%20Parbhani/Maharashtra%2031-Parbhani-%2031-12-2011.pdf",
Maharashtra,Pune,maharashtra_pune.pdf,"https://www.icar-crida.res.in/CP-2012/statewiseplans/Maharastra(Pdf)/MPKVV,%20Rahuri/MH8-%20PUNE%2031.03.2011.pdf",
Maharashtra,Raigad,maharashtra_raigad.pdf,"https://www.icar-crida.res.in/CP-2012/statewiseplans/Maharastra(Pdf)/BSKKV,%20Dapoli/MH23-Raigarh%2004.10.2011.pdf",
Maharashtra,Ratnagiri,maharashtra_ratnagiri.pdf,"https://www.icar-crida.res.in/CP-2012/statewiseplans/Maharastra(Pdf)/BSKKV,%20Dapoli/MH24-Ratnagiri%2004.10.2011.pdf",
Maharashtra,Sangli,maharashtra_sangli.pdf,"https://www.icar-crida.res.in/CP-2012/statewiseplans/Maharastra(Pdf)/MPKVV,%20Rahuri/MH9-SANGLI%2031.03.2011.pdf",
Maharashtra,Satara,maharashtra_satara.pdf,"https://www.icar-crida.res.in/CP-2012/statewiseplans/Maharastra(Pdf)/MPKVV,%20Rahuri/MH10-SATARA%2031.03.2011.pdf",
Maharashtra,Sindhudurg,maharashtra_sindhudurg.pdf,"https://www.icar-crida.res.in/CP-2012/statewiseplans/Maharastra(Pdf)/BSKKV,%20Dapoli/MH25-Sindhudurg%2004.10.2011.pdf",
Maharashtra,Solapur,maharashtra_solapur.pdf,"https://www.icar-crida.res.in/CP-2012/statewiseplans/Maharastra(Pdf)/MPKVV,%20Rahuri/MH1-Solapur%203.2.2011.pdf",
Maharashtra,Thane,maharashtra_thane.pdf,"https://www.icar-crida.res.in/CP-2012/statewiseplans/Maharastra(Pdf)/BSKKV,%20Dapoli/MH22-Thane%20%2004.10.2011.pdf",
Maharashtra,Wardha,maharashtra_wardha.pdf,"https://www.icar-crida.res.in/CP-2012/statewiseplans/Maharastra(Pdf)/PDKV,%20Akola/Wardha.pdf",
Maharashtra,Washim,maharashtra_washim.pdf,"https://www.icar-crida.res.in/CP-2012/statewiseplans/Maharastra(Pdf)/PDKV,%20Akola/Washim.pdf",
Maharashtra,Yavatmal,yavatmal.pdf,"https://www.icar-crida.res.in/CP-2012/statewiseplans/Maharastra(Pdf)/PDKV,%20Akola/Yavatmal.pdf",d92c7251a460cd33856c80eec2f4867edcffa0a9a62880cf1267e283c0737039
Manipur,Bishnupur,manipur_bishnupur.pdf,https://www.icar-crida.res.in/CP-2012/statewiseplans/Manipur/Manipur_Bishnupur.pdf,
Manipur,Chandel,manipur_chandel.pdf,https://www.icar-crida.res.in/CP-2012/statewiseplans/Manipur/MPUR 1_Chandel.pdf,
Manipur,Churachandpur,manipur_churachandpur.pdf,https://www.icar-crida.res.in/CP-2012/statewiseplans/Manipur/MPUR_8_Churachandpur.pdf,
Manipur,Imphal East,manipur_imphal_east.pdf,https://www.icar-crida.res.in/CP-2012/statewiseplans/Manipur/MPUR 2_Imphal-east.pdf,
Manipur,Imphal West,manipur_imphal_west.pdf,https://www.icar-crida.res.in/CP-2012/statewiseplans/Manipur/MPUR 3_Imphal-West.pdf,
Manipur,Senapathi,manipur_senapathi.pdf,https://www.icar-crida.res.in/CP-2012/statewiseplans/Manipur/MPUR_9_SENAPATI.pdf,
Manipur,Tamenglong,manipur_tamenglong.pdf,https://www.icar-crida.res.in/CP-2012/statewiseplans/Manipur/MPUR-5_Tamenglong.pdf,
Manipur,Thoubal,manipur_thoubal.pdf,https://www.icar-crida.res.in/CP-2012/statewiseplans/Manipur/MPUR_4-Thoubal.pdf,
Manipur,Ukhrul,manipur_ukhrul.pdf,https://www.icar-crida.res.in/CP-2012/statewiseplans/Manipur/MPUR%206_Ukhrul_20.09.13.pdf,
Meghalaya,East Garo Hills,meghalaya_east_garo_hills.pdf,https://www.icar-crida.res.in/CP-2012/statewiseplans/Meghalaya/ML1-East%20Garo%20Hills-05.09.14.pdf,
Meghalaya,East Jaintia Hills,meghalaya_east_jaintia_hills.pdf,https://www.icar-crida.res.in/CP-2012/statewiseplans/Meghalaya/ML3-East%20Jaintia%20Hills-05.09.14.pdf,
Meghalaya,East Khasi HJills,meghalaya_east_khasi_hjills.pdf,https://www.icar-crida.res.in/CP-2012/statewiseplans/Meghalaya/ML2-East%20Khasi%20Hills-05.09.14.pdf,
Meghalaya,North Garo Hills,meghalaya_north_garo_hills.pdf,https://www.icar-crida.res.in/CP-2012/statewiseplans/Meghalaya/ML8-North%20Garo%20Hills-05.09.14.pdf,
Meghalaya,Ri Bhoi,meghalaya_ri_bhoi.pdf,https://www.icar-crida.res.in/CP-2012/statewiseplans/Meghalaya/ML4-Ri%20Bhoi-05.09.14.pdf,
Meghalaya,South Garo Hills,meghalaya_south_garo_hills.pdf,https://www.icar-crida.res.in/CP-2012/statewiseplans/Meghalaya/ML9-South%20Garo%20Hills-05.09.14.pdf,
Meghalaya,South West Garo Hills,meghalaya_south_west_garo_hills.pdf,https://www.icar-crida.res.in/CP-2012/statewiseplans/Meghalaya/ML10-South%20West%20Garo%20Hills-05.09.14.pdf,
Meghalaya,South West Khasi Hills,meghalaya_south_west_khasi_hills.pdf,https://www.icar-crida.res.in/CP-2012/statewiseplans/Meghalaya/ML11-South%20West%20Khasi%20Hills-05.09.14.pdf,
Meghalaya,West Garo Hills,meghalaya_west_garo_hills.pdf,https://www.icar-crida.res.in/CP-2012/statewiseplans/Meghalaya/ML5-West%20Garo%20Hills-05.09.14.pdf,
Meghalaya,West Jaintla Hills,meghalaya_west_jaintla_hills.pdf,https://www.icar-crida.res.in/CP-2012/statewiseplans/Meghalaya/ML7-West%20Jaintia%20Hills-05.09.14.pdf,
Meghalaya,West Khasi Hills,meghalaya_west_khasi_hills.pdf,https://www.icar-crida.res.in/CP-2012/statewiseplans/Meghalaya/ML6-West%20Khasi%20Hills-05.09.14.pdf,
Mizoram,Aizawl,mizoram_aizawl.pdf,https://www.icar-crida.res.in/CP-2012/statewiseplans/Mizoram/Aizawl.pdf,
Mizoram,Champhai,mizoram_champhai.pdf,https://www.icar-crida.res.in/CP-2012/statewiseplans/Mizoram/Champhai.pdf,
Mizoram,Kolasib,mizoram_kolasib.pdf,https://www.icar-crida.res.in/CP-2012/statewiseplans/Mizoram/MIZ1-Kolasib.pdf,
Mizoram,Lawngtlai,mizoram_lawngtlai.pdf,https://www.icar-crida.res.in/CP-2012/statewiseplans/Mizoram/Lawngtlai.pdf,
Mizoram,Lunglei,mizoram_lunglei.pdf,https://www.icar-crida.res.in/CP-2012/statewiseplans/Mizoram/MIZ4-Lunglei.pdf,
Mizoram,Mamit,mizoram_mamit.pdf,https://www.icar-crida.res.in/CP-2012/statewiseplans/Mizoram/MIZ3-Mamit.pdf,
Mizoram,Serchhip,mizoram_serchhip.pdf,https://www.icar-crida.res.in/CP-2012/statewiseplans/Mizoram/MIZ2-Serchhip.pdf,
Mizoram,Siaha,mizoram_siaha.pdf,https://www.icar-crida.res.in/CP-2012/statewiseplans/Mizoram/Siaha.pdf,
Nagaland,Dimapur,nagaland_dimapur.pdf,https://www.icar-crida.res.in/CP-2012/statewiseplans/Nagaland/NL1_Dimapur_28.12.2013.pdf,
Nagaland,Kiphire,nagaland_kiphire.pdf,https://www.icar-crida.res.in/CP-2012/statewiseplans/Nagaland/NL7-Kiphire-01.07.2015.pdf,
Nagaland,Kohima,nagaland_kohima.pdf,https://www.icar-crida.res.in/CP-2012/statewiseplans/Nagaland/NL9-Kohima.pdf,
Nagaland,Longleng,nagaland_longleng.pdf,https://www.icar-crida.res.in/CP-2012/statewiseplans/Nagaland/NL6-Longleng-01.07.2015.pdf,
Nagaland,Mokokcung,nagaland_mokokcung.pdf,https://www.icar-crida.res.in/CP-2012/statewiseplans/Nagaland/NL10-Mokokchung.pdf,
Nagaland,Mon,nagaland_mon.pdf,https://www.icar-crida.res.in/CP-2012/statewiseplans/Nagaland/NL4-Mon-20.11.2014.pdf,
Nagaland,Peren,nagaland_peren.pdf,https://www.icar-crida.res.in/CP-2012/statewiseplans/Nagaland/NL8-Peren-01.07.2015.pdf,
Nagaland,Phek,nagaland_phek.pdf,https://www.icar-crida.res.in/CP-2012/statewiseplans/Nagaland/NL11-Phek.pdf,
Nagaland,Tuensang,nagaland_tuensang.pdf,https://www.icar-crida.res.in/CP-2012/statewiseplans/Nagaland/NL5-Tuensang-20.11.2014.pdf,
Nagaland,Wokha,nagaland_wokha.pdf,https://www.icar-crida.res.in/CP-2012/statewiseplans/Nagaland/NL2-Wokha-20.11.2014.pdf,
Nagaland,Zunheboto,nagaland_zunheboto.pdf,https://www.icar-crida.res.in/CP-2012/statewiseplans/Nagaland/NL3-Zunheboto-20.11.2014.pdf,
Odisha,Angul,odisha_angul.pdf,"https://www.icar-crida.res.in/CP-2012/statewiseplans/Orissa%20(Pdf)/OUAT,%20Bhubaneswar/Orissa%201-Angul%2031.05.2011.pdf",
Odisha,Balasore,odisha_balasore.pdf,"https://www.icar-crida.res.in/CP-2012/statewiseplans/Orissa%20(Pdf)/OUAT,%20Bhubaneswar/Orissa%2027-%20Balasore%2031.05.2011.pdf",
Odisha,Bargarh,odisha_bargarh.pdf,"https://www.icar-crida.res.in/CP-2012/statewiseplans/Orissa%20(Pdf)/OUAT,%20Bhubaneswar/Orissa%2010-%20Bargarh%2031.05.2011.pdf",
Odisha,Bhadrak,odisha_bhadrak.pdf,"https://www.icar-crida.res.in/CP-2012/statewiseplans/Orissa%20(Pdf)/OUAT,%20Bhubaneswar/Orissa%2011-%20Bhadrak%2031.05.2011.pdf",
Odisha,Bolangir,odisha_bolangir.pdf,"https://www.icar-crida.res.in/CP-2012/statewiseplans/Orissa%20(Pdf)/OUAT,%20Bhubaneswar/Orissa%2012-%20Bolangir%2031.05.2011.pdf",
Odisha,Boudh,odisha_boudh.pdf,"https://www.icar-crida.res.in/CP-2012/statewiseplans/Orissa%20(Pdf)/OUAT,%20Bhubaneswar/Orissa%2015-%20Boudh%2031.05.2011.pdf",
Odisha,Cuttack,odisha_cuttack.pdf,"https://www.icar-crida.res.in/CP-2012/statewiseplans/Orissa%20(Pdf)/OUAT,%20Bhubaneswar/Orissa%202-Cuttack%2031.05.2011.pdf",
Odisha,Deogarh,odisha_deogarh.pdf,"https://www.icar-crida.res.in/CP-2012/statewiseplans/Orissa%20(Pdf)/OUAT,%20Bhubaneswar/Orissa%203-%20Deogarh%2031.05.2011.pdf",
Odisha,Dhenkanal,odisha_dhenkanal.pdf,"https://www.icar-crida.res.in/CP-2012/statewiseplans/Orissa%20(Pdf)/OUAT,%20Bhubaneswar/Orissa%2017-%20Dhenkanal%2031.05.2011.pdf",
Odisha,Gajapati,odisha_gajapati.pdf,"https://www.icar-crida.res.in/CP-2012/statewiseplans/Orissa%20(Pdf)/OUAT,%20Bhubaneswar/Orissa%2013-%20Gajapati%2031.05.2011.pdf",
Odisha,Ganjam,odisha_ganjam.pdf,"https://www.icar-crida.res.in/CP-2012/statewiseplans/Orissa%20(Pdf)/OUAT,%20Bhubaneswar/Orissa%2014-%20Ganjam%2031.05.2011.pdf",
Odisha,Jagatsinghpur,odisha_jagatsinghpur.pdf,"https://www.icar-crida.res.in/CP-2012/statewiseplans/Orissa%20(Pdf)/OUAT,%20Bhubaneswar/Orissa%2018-%20Jagatsinghpur%2031.05.2011.pdf",
Odisha,Jajpur,odisha_jajpur.pdf,"https://www.icar-crida.res.in/CP-2012/statewiseplans/Orissa%20(Pdf)/OUAT,%20Bhubaneswar/Orissa%2019-%20Jajpur%2031.05.2011.pdf",
Odisha,Jharsuguda,odisha_jharsuguda.pdf,"https://www.icar-crida.res.in/CP-2012/statewiseplans/Orissa%20(Pdf)/OUAT,%20Bhubaneswar/Orissa%2020-%20Jharsuguda%2031.05.2011.pdf",
Odisha,Kalahandi,odisha_kalahandi.pdf,"https://www.icar-crida.res.in/CP-2012/statewiseplans/Orissa%20(Pdf)/OUAT,%20Bhubaneswar/Orissa%204-%20Kalahandi%2031.05.2011.pdf",
Odisha,Kandhamal,odisha_kandhamal.pdf,"https://www.icar-crida.res.in/CP-2012/statewiseplans/Orissa%20(Pdf)/OUAT,%20Bhubaneswar/Orissa%2021-%20Kandhamal%2031.05.2011.pdf",
Odisha,Kendrapara,odisha_kendrapara.pdf,"https://www.icar-crida.res.in/CP-2012/statewiseplans/Orissa%20(Pdf)/OUAT,%20Bhubaneswar/Orissa%2028-%20Kendrapara%2004.10.2011.pdf",
Odisha,Keonjhar,odisha_keonjhar.pdf,"https://www.icar-crida.res.in/CP-2012/statewiseplans/Orissa%20(Pdf)/OUAT,%20Bhubaneswar/Orissa%2025-%20Keonjhar%2031.05.2011.pdf",
Odisha,Khurdha,odisha_khurdha.pdf,"https://www.icar-crida.res.in/CP-2012/statewiseplans/Orissa%20(Pdf)/OUAT,%20Bhubaneswar/Orissa%2029-%20Khurdha%2004.10.2011.pdf",
Odisha,Koraput,odisha_koraput.pdf,"https://www.icar-crida.res.in/CP-2012/statewiseplans/Orissa%20(Pdf)/OUAT,%20Bhubaneswar/Orissa%2022-%20Koraput%2031.05.2011.pdf",
Odisha,Malkangiri,odisha_malkangiri.pdf,"https://www.icar-crida.res.in/CP-2012/statewiseplans/Orissa%20(Pdf)/OUAT,%20Bhubaneswar/Orissa%2016-%20Malkangiri%2031.05.2011.pdf",
Odisha,Mayurbhanj,odisha_mayurbhanj.pdf,"https://www.icar-crida.res.in/CP-2012/statewiseplans/Orissa%20(Pdf)/OUAT,%20Bhubaneswar/Orissa%2024-%20Mayurbhanj%2031.05.2011.pdf",
Odisha,Nabaranagar,odisha_nabaranagar.pdf,"https://www.icar-crida.res.in/CP-2012/statewiseplans/Orissa%20(Pdf)/OUAT,%20Bhubaneswar/Orissa%2030-%20Nabaranaga%2004.10.2011.pdf",
Odisha,Nayagarh,odisha_nayagarh.pdf,"https://www.icar-crida.res.in/CP-2012/statewiseplans/Orissa%20(Pdf)/OUAT,%20Bhubaneswar/Orissa%205-%20Nayagarh%2031.05.2011.pdf",
Odisha,Nuapada,odisha_nuapada.pdf,"https://www.icar-crida.res.in/CP-2012/statewiseplans/Orissa%20(Pdf)/OUAT,%20Bhubaneswar/Orissa%2023-%20Nuapada%2031.05.2011.pdf",
Odisha,Puri,odisha_puri.pdf,"https://www.icar-crida.res.in/CP-2012/statewiseplans/Orissa%20(Pdf)/OUAT,%20Bhubaneswar/Orissa%206-%20Puri%2031.05.2011.pdf",
Odisha,Rayagada,odisha_rayagada.pdf,"https://www.icar-crida.res.in/CP-2012/statewiseplans/Orissa%20(Pdf)/OUAT,%20Bhubaneswar/Orissa%2026-%20Rayagada%2031.05.2011.pdf",
Odisha,Sambalpur,odisha_sambalpur.pdf,"https://www.icar-crida.res.in/CP-2012/statewiseplans/Orissa%20(Pdf)/OUAT,%20Bhubaneswar/Orissa%207-%20Sambalpur%2031.05.2011.pdf",
Odisha,Sonapur,odisha_sonapur.pdf,"https://www.icar-crida.res.in/CP-2012/statewiseplans/Orissa%20(Pdf)/OUAT,%20Bhubaneswar/Orissa%208-%20Sonapur%2031.05.2011.pdf",
Odisha,Sundargarh,odisha_sundargarh.pdf,"https://www.icar-crida.res.in/CP-2012/statewiseplans/Orissa%20(Pdf)/OUAT,%20Bhubaneswar/Orissa%209-%20Sundargarh%2031.05.2011.pdf",
Punjab,Amritsar,punjab_amritsar.pdf,"https://www.icar-crida.res.in/CP-2012/statewiseplans/Punjab%20(Pdf)/PAU,%20Ludhiana/PUNJAB%201-Amritsar%2030.04.2011.pdf",
Punjab,Barnala,punjab_barnala.pdf,"https://www.icar-crida.res.in/CP-2012/statewiseplans/Punjab%20(Pdf)/PAU,%20Ludhiana/PUNJAB%206-Barnala%2030.04.2011.pdf",
Punjab,Bathinda,punjab_bathinda.pdf,"https://www.icar-crida.res.in/CP-2012/statewiseplans/Punjab%20(Pdf)/PAU,%20Ludhiana/PUNJAB%202-Bathinda%2030.04.2011.pdf",
Punjab,Faridkot,punjab_faridkot.pdf,"https://www.icar-crida.res.in/CP-2012/statewiseplans/Punjab%20(Pdf)/PAU,%20Ludhiana/PUNJAB%203-Faridkot%2030.04.2011.pdf",
Punjab,Fatehgarh Sahib,punjab_fatehgarh_sahib.pdf,"https://www.icar-crida.res.in/CP-2012/statewiseplans/Punjab%20(Pdf)/PAU,%20Ludhiana/PUNJAB%2015-%20Fatehgarh%20Sahib%2031.05.2011.pdf",
Punjab,Fazilka,punjab_fazilka.pdf,https://www.icar-crida.res.in/CP-2012/statewiseplans/Punjab%20(Pdf)/PUNJAB%2022-Fazilka-07.05.2016.pdf,
Punjab,Ferozpur,punjab_ferozpur.pdf,"https://www.icar-crida.res.in/CP-2012/statewiseplans/Punjab%20(Pdf)/PAU,%20Ludhiana/PUNJAB%2014-Ferozpur%2030.04.2011.pdf",
Punjab,Gurdaspur,punjab_gurdaspur.pdf,"https://www.icar-crida.res.in/CP-2012/statewiseplans/Punjab%20(Pdf)/PAU,%20Ludhiana/PUNJAB%207-Gurdaspur%2030.04.2011.pdf",
Punjab,Hoshiarpur,punjab_hoshiarpur.pdf,"https://www.icar-crida.res.in/CP-2012/statewiseplans/Punjab%20(Pdf)/PAU,%20Ludhiana/PUNJAB%204-Hoshiarpur%2030.04.2011.pdf",
Punjab,Jalandhar,punjab_jalandhar.pdf,"https://www.icar-crida.res.in/CP-2012/statewiseplans/Punjab%20(Pdf)/PAU,%20Ludhiana/PUNJAB%209-Jalandhar%2030.04.2011.pdf",
Punjab,Kapurthala,punjab_kapurthala.pdf,"https://www.icar-crida.res.in/CP-2012/statewiseplans/Punjab%20(Pdf)/PAU,%20Ludhiana/PUNJAB%2017-%20Kapurthala%2031.05.2011.pdf",
Punjab,Ludhiana,punjab_ludhiana.pdf,"https://www.icar-crida.res.in/CP-2012/statewiseplans/Punjab%20(Pdf)/PAU,%20Ludhiana/PUNJAB%205-Ludhiana%2030.04.2011.pdf",
Punjab,Mansa,punjab_mansa.pdf,"https://www.icar-crida.res.in/CP-2012/statewiseplans/Punjab%20(Pdf)/PAU,%20Ludhiana/PUNJAB%2010-Mansa%2030.04.2011.pdf",
Punjab,Moga,punjab_moga.pdf,"https://www.icar-crida.res.in/CP-2012/statewiseplans/Punjab%20(Pdf)/PAU,%20Ludhiana/PUNJAB%208-Moga%2030.04.2011.pdf",
Punjab,Mohali,punjab_mohali.pdf,https://www.icar-crida.res.in/CP-2012/statewiseplans/Punjab%20(Pdf)/PUNJAB%2021-Mohali-07.05.2016.pdf,
Punjab,Pathankot,punjab_pathankot.pdf,https://www.icar-crida.res.in/CP-2012/statewiseplans/Punjab%20(Pdf)/PUNJAB%2020-Pathankot-07.05.2016.pdf,
Punjab,Patiala,punjab_patiala.pdf,"https://www.icar-crida.res.in/CP-2012/statewiseplans/Punjab%20(Pdf)/PAU,%20Ludhiana/PUNJAB%2011-Patiala%2030.04.2011.pdf",
Punjab,Rogar,punjab_rogar.pdf,"https://www.icar-crida.res.in/CP-2012/statewiseplans/Punjab%20(Pdf)/PAU,%20Ludhiana/PUNJAB%2012-Ropar%2030.04.2011.pdf",
Punjab,Sangrur,punjab_sangrur.pdf,"https://www.icar-crida.res.in/CP-2012/statewiseplans/Punjab%20(Pdf)/PAU,%20Ludhiana/PUNJAB%2013-Sangrur%2030.04.2011.pdf",
Punjab,Shaid Bhagat Singh Nagar,punjab_shaid_bhagat_singh_nagar.pdf,"https://www.icar-crida.res.in/CP-2012/statewiseplans/Punjab%20(Pdf)/PAU,%20Ludhiana/PUNJAB%2019-%20SBS%20Nagar%2031.05.2011.pdf",
Punjab,Sri Muktsar Sahib,punjab_sri_muktsar_sahib.pdf,"https://www.icar-crida.res.in/CP-2012/statewiseplans/Punjab%20(Pdf)/PAU,%20Ludhiana/PUNJAB%2018-%20Sri%20Muktsar%20Sahib%2031.05.2011.pdf",
Punjab,Tarn Taran,punjab_tarn_taran.pdf,"https://www.icar-crida.res.in/CP-2012/statewiseplans/Punjab%20(Pdf)/PAU,%20Ludhiana/PUNJAB%2016-%20Tarn%20Tarn%2031.05.2011.pdf",
Rajasthan,Ajmer,rajasthan_ajmer.pdf,"https://www.icar-crida.res.in/CP-2012/statewiseplans/Rajastan%20(Pdf)/RAU,%20Bikaner/RAJ3-Ajmer%203.2.2011.pdf",
Rajasthan,Alwar,rajasthan_alwar.pdf,"https://www.icar-crida.res.in/CP-2012/statewiseplans/Rajastan%20(Pdf)/MPUA&T,%20Udaipur/RAJ30-ALWAR-26.7.2012.pdf",
Rajasthan,Banswara,rajasthan_banswara.pdf,"https://www.icar-crida.res.in/CP-2012/statewiseplans/Rajastan%20(Pdf)/MPUA&T,%20Udaipur/Rajasthan23-Banswara-5.7.2012.pdf",
Rajasthan,Baran,rajasthan_baran.pdf,"https://www.icar-crida.res.in/CP-2012/statewiseplans/Rajastan%20(Pdf)/MPUA&T,%20Udaipur/RAJ17-Baran-9.3.2012.pdf",
Rajasthan,Barmer,rajasthan_barmer.pdf,"https://www.icar-crida.res.in/CP-2012/statewiseplans/Rajastan%20(Pdf)/RAU,%20Bikaner/RAJ10-Barmer-9.3.2012.pdf",
Rajasthan,Bharatpur,rajasthan_bharatpur.pdf,"https://www.icar-crida.res.in/CP-2012/statewiseplans/Rajastan%20(Pdf)/MPUA&T,%20Udaipur/RAJ29-BHARATPUR-26.7.2012.pdf",
Rajasthan,Bhilwara,rajasthan_bhilwara.pdf,"https://www.icar-crida.res.in/CP-2012/statewiseplans/Rajastan%20(Pdf)/MPUA&T,%20Udaipur/RAJ18-Bhilwara-9.3.2012.pdf",
Rajasthan,Bikaner,rajasthan_bikaner.pdf,"https://www.icar-crida.res.in/CP-2012/statewiseplans/Rajastan%20(Pdf)/RAU,%20Bikaner/RAJ11-Bikaner-9.3.2012.pdf",
Rajasthan,Bundi,rajasthan_bundi.pdf,"https://www.icar-crida.res.in/CP-2012/statewiseplans/Rajastan%20(Pdf)/MPUA&T,%20Udaipur/RAJ19-Bundi-9.3.2012.pdf",
Rajasthan,Chittorgarh,rajasthan_chittorgarh.pdf,"https://www.icar-crida.res.in/CP-2012/statewiseplans/Rajastan%20(Pdf)/MPUA&T,%20Udaipur/RAJ20-Chittor-9.3.2012.pdf",
Rajasthan,Churu,rajasthan_churu.pdf,"https://www.icar-crida.res.in/CP-2012/statewiseplans/Rajastan%20(Pdf)/RAU,%20Bikaner/RAJ12-Churu-9.3.2012.pdf",
Rajasthan,Dausa,rajasthan_dausa.pdf,"https://www.icar-crida.res.in/CP-2012/statewiseplans/Rajastan%20(Pdf)/RAU,%20Bikaner/RAJ13-Dausa-9.3.2012.pdf",
Rajasthan,Dholpur,rajasthan_dholpur.pdf,"https://www.icar-crida.res.in/CP-2012/statewiseplans/Rajastan%20(Pdf)/MPUA&T,%20Udaipur/RAJ27-DHOLPUR-26.7.2012.pdf",
Rajasthan,Dungarpur,rajasthan_dungarpur.pdf,"https://www.icar-crida.res.in/CP-2012/statewiseplans/Rajastan%20(Pdf)/MPUA&T,%20Udaipur/Rajasthan24-Dungarpur-5.6.2012.pdf",
Rajasthan,Hanumangarh,rajasthan_hanumangarh.pdf,"https://www.icar-crida.res.in/CP-2012/statewiseplans/Rajastan%20(Pdf)/MPUA&T,%20Udaipur/RAJ25-HANUMANGARH-26.7.2012.pdf",
Rajasthan,Jaipur,jaipur.pdf,"https://www.icar-crida.res.in/CP-2012/statewiseplans/Rajastan%20(Pdf)/RAU,%20Bikaner/RAJ1-Jaipur%203.2.2011.pdf",8048044c23dd24110ec21d4bd1d29156ef1c76e00f9ba0b43411c581d3b31938
Rajasthan,Jaisalmer,rajasthan_jaisalmer.pdf,"https://www.icar-crida.res.in/CP-2012/statewiseplans/Rajastan%20(Pdf)/RAU,%20Bikaner/RAJ14-Jaiselmer-9.3.2012.pdf",
Rajasthan,Jalore,rajasthan_jalore.pdf,"https://www.icar-crida.res.in/CP-2012/statewiseplans/Rajastan%20(Pdf)/RAU,%20Bikaner/RAJ15-Jalore-9.3.2012.pdf",
Rajasthan,Jhalawar,rajasthan_jhalawar.pdf,"https://www.icar-crida.res.in/CP-2012/statewiseplans/Rajastan%20(Pdf)/MPUA&T,%20Udaipur/RAJ6-Jhalawar-30-06-2011.pdf",
Rajasthan,Jhunjhunu,rajasthan_jhunjhunu.pdf,"https://www.icar-crida.res.in/CP-2012/statewiseplans/Rajastan%20(Pdf)/RAU,%20Bikaner/RAJ5-Jhunjhuju-30-06-2011.pdf",
Rajasthan,Jodhpur,jodhpur.pdf,"https://www.icar-crida.res.in/CP-2012/statewiseplans/Rajastan%20(Pdf)/RAU,%20Bikaner/RAJ16-Jodhpur-9.3.2012.pdf",8d8cf957c0b669bc9c10ead184ca12bd0e24bc723cc7a62b87710960ebd70655
Rajasthan,Karauli,rajasthan_karauli.pdf,"https://www.icar-crida.res.in/CP-2012/statewiseplans/Rajastan%20(Pdf)/MPUA&T,%20Udaipur/RAJ26-KARAULI-26.7.2012.pdf",
Rajasthan,Kota,rajasthan_kota.pdf,"https://www.icar-crida.res.in/CP-2012/statewiseplans/Rajastan%20(Pdf)/MPUA&T,%20Udaipur/RAJ4-Kota-30-06-2011.pdf",
Rajasthan,Nagaur,rajasthan_nagaur.pdf,"https://www.icar-crida.res.in/CP-2012/statewiseplans/Rajastan%20(Pdf)/RAU,%20Bikaner/RAJ8-Nagaur-30-06-2011.pdf",
Rajasthan,Pali,rajasthan_pali.pdf,https://www.icar-crida.res.in/CP-2012/statewiseplans/Rajastan%20(Pdf)/RAJ31-Pali-28.08.12.pdf,
Rajasthan,Pratapgarh,rajasthan_pratapgarh.pdf,https://www.icar-crida.res.in/CP-2012/statewiseplans/Rajastan%20(Pdf)/RAJ32-Pratapgarh-30.10.12.pdf,
Rajasthan,Rajsamand,rajasthan_rajsamand.pdf,"https://www.icar-crida.res.in/CP-2012/statewiseplans/Rajastan%20(Pdf)/MPUA&T,%20Udaipur/RAJ21-Rajsamand-9.3.2012.pdf",
Rajasthan,Sawai Madhopur,rajasthan_sawai_madhopur.pdf,"https://www.icar-crida.res.in/CP-2012/statewiseplans/Rajastan%20(Pdf)/MPUA&T,%20Udaipur/RAJ28-SAWAI%20MADHOPUR-26.7.2012.pdf",
Rajasthan,Sikar,rajasthan_sikar.pdf,"https://www.icar-crida.res.in/CP-2012/statewiseplans/Rajastan%20(Pdf)/RAU,%20Bikaner/RAJ7-Sikar-30-06-2011.pdf",
Rajasthan,Sirohi,rajasthan_sirohi.pdf,https://www.icar-crida.res.in/CP-2012/statewiseplans/Rajastan%20(Pdf)/RAJ33-Sirohi-30.10.12.pdf,
Rajasthan,Sriganganagar,rajasthan_sriganganagar.pdf,"https://www.icar-crida.res.in/CP-2012/statewiseplans/Rajastan%20(Pdf)/RAU,%20Bikaner/RAJ9-Sriganganagar-30-06-2011.pdf",
Rajasthan,Tonk,rajasthan_tonk.pdf,"https://www.icar-crida.res.in/CP-2012/statewiseplans/Rajastan%20(Pdf)/RAU,%20Bikaner/RAJ2-Tonk%203.2.2011.pdf",
Rajasthan,Udaipur,rajasthan_udaipur.pdf,"https://www.icar-crida.res.in/CP-2012/statewiseplans/Rajastan%20(Pdf)/MPUA&T,%20Udaipur/RAJ22-Udaipur-9.3.2012.pdf",
Sikkim,East Sikkim,sikkim_east_sikkim.pdf,https://www.icar-crida.res.in/CP-2012/statewiseplans/Sikkim/SKM1-East%20Sikkim-30.10.12.pdf,
Sikkim,North Simmim,sikkim_north_simmim.pdf,https://www.icar-crida.res.in/CP-2012/statewiseplans/Sikkim/SKM2-North%20Sikkim-30.10.12.pdf,
Sikkim,South Sikkim,sikkim_south_sikkim.pdf,https://www.icar-crida.res.in/CP-2012/statewiseplans/Sikkim/SKM3-South%20Sikkim%20-30.10.12.pdf,
Sikkim,West Sikkim,sikkim_west_sikkim.pdf,https://www.icar-crida.res.in/CP-2012/statewiseplans/Sikkim/SKM4-West%20Sikkim-30.10.12.pdf,
Tamil Nadu,Ariyalur,tamil_nadu_ariyalur.pdf,"https://www.icar-crida.res.in/CP-2012/statewiseplans/Tamilnadu%20(pdf)/TNAU,%20Coimbattore/TN28-ARIYALUR%2031.03.2011.pdf",
Tamil Nadu,Coimbatore,tamil_nadu_coimbatore.pdf,"https://www.icar-crida.res.in/CP-2012/statewiseplans/Tamilnadu%20(pdf)/TNAU,%20Coimbattore/TN18-%20COIMBATORE%2031.03.2011.pdf",
Tamil Nadu,Cuddalor,tamil_nadu_cuddalor.pdf,"https://www.icar-crida.res.in/CP-2012/statewiseplans/Tamilnadu%20(pdf)/TNAU,%20Coimbattore/TN4-Cuddalore%201-2-2011.pdf",
Tamil Nadu,Dharmapuri,tamil_nadu_dharmapuri.pdf,"https://www.icar-crida.res.in/CP-2012/statewiseplans/Tamilnadu%20(pdf)/TNAU,%20Coimbattore/TN19-DHARMAPURI%2031.03.2011.pdf",
Tamil Nadu,Dindigul,tamil_nadu_dindigul.pdf,"https://www.icar-crida.res.in/CP-2012/statewiseplans/Tamilnadu%20(pdf)/TNAU,%20Coimbattore/TN7-Dindigul%203.2.2011.pdf",
Tamil Nadu,Erode,tamil_nadu_erode.pdf,"https://www.icar-crida.res.in/CP-2012/statewiseplans/Tamilnadu%20(pdf)/TNAU,%20Coimbattore/TN5-Erode%203.2.2011.pdf",
Tamil Nadu,Kancheerpuram,tamil_nadu_kancheerpuram.pdf,"https://www.icar-crida.res.in/CP-2012/statewiseplans/Tamilnadu%20(pdf)/TNAU,%20Coimbattore/TN1-Kancheepuram%203.2.2011.pdf",
Tamil Nadu,Kanyuakumari,tamil_nadu_kanyuakumari.pdf,"https://www.icar-crida.res.in/CP-2012/statewiseplans/Tamilnadu%20(pdf)/TNAU,%20Coimbattore/TN20-KANYAKUMARI%2031.3.3011.pdf",
Tamil Nadu,Karur,tamil_nadu_karur.pdf,"https://www.icar-crida.res.in/CP-2012/statewiseplans/Tamilnadu%20(pdf)/TNAU,%20Coimbattore/TN6-Karur%203.2.2011.pdf",
Tamil Nadu,Krishnagir,tamil_nadu_krishnagir.pdf,"https://www.icar-crida.res.in/CP-2012/statewiseplans/Tamilnadu%20(pdf)/TNAU,%20Coimbattore/TN17-Krishnagiri%203.2.2011.pdf",
Tamil Nadu,Madurai,tamil_nadu_madurai.pdf,"https://www.icar-crida.res.in/CP-2012/statewiseplans/Tamilnadu%20(pdf)/TNAU,%20Coimbattore/TN21-MADURAI%20%2031.3.2011.pdf",
Tamil Nadu,Nagapattinam,tamil_nadu_nagapattinam.pdf,"https://www.icar-crida.res.in/CP-2012/statewiseplans/Tamilnadu%20(pdf)/TNAU,%20Coimbattore/TN22-NAGAPATTINAM%2031.3.2011.pdf",
Tamil Nadu,Namakkal,tamil_nadu_namakkal.pdf,"https://www.icar-crida.res.in/CP-2012/statewiseplans/Tamilnadu%20(pdf)/TNAU,%20Coimbattore/TN23-NAMAKKAL%2031.03.2011.pdf",
Tamil Nadu,Nilgiris,tamil_nadu_nilgiris.pdf,"https://www.icar-crida.res.in/CP-2012/statewiseplans/Tamilnadu%20(pdf)/TNAU,%20Coimbattore/TN24-NILGIRIS%2031.3.2011.pdf",
Tamil Nadu,Perambalur,tamil_nadu_perambalur.pdf,"https://www.icar-crida.res.in/CP-2012/statewiseplans/Tamilnadu%20(pdf)/TNAU,%20Coimbattore/TN25-PERAMBALUR%2031.3.2011.pdf",
Tamil Nadu,Pudukkotai,tamil_nadu_pudukkotai.pdf,"https://www.icar-crida.res.in/CP-2012/statewiseplans/Tamilnadu%20(pdf)/TNAU,%20Coimbattore/TN11-Pudukkottai%203.2.2011.pdf",
Tamil Nadu,Ramanathapuram,tamil_nadu_ramanathapuram.pdf,"https://www.icar-crida.res.in/CP-2012/statewiseplans/Tamilnadu%20(pdf)/TNAU,%20Coimbattore/TN26-RAMANATHAPURAM%2031.3.2011.pdf",
Tamil Nadu,Salem,tamil_nadu_salem.pdf,"https://www.icar-crida.res.in/CP-2012/statewiseplans/Tamilnadu%20(pdf)/TNAU,%20Coimbattore/TN27-Salem%2031.03.2011.pdf",
Tamil Nadu,Sivagangai,tamil_nadu_sivagangai.pdf,"https://www.icar-crida.res.in/CP-2012/statewiseplans/Tamilnadu%20(pdf)/TNAU,%20Coimbattore/TN29-SIVAGANGAI%2031.03.2011.pdf",
Tamil Nadu,Thanjavur,tamil_nadu_thanjavur.pdf,"https://www.icar-crida.res.in/CP-2012/statewiseplans/Tamilnadu%20(pdf)/TNAU,%20Coimbattore/TN9-Thanjavur%203.2.2011.pdf",
Tamil Nadu,Theni,tamil_nadu_theni.pdf,"https://www.icar-crida.res.in/CP-2012/statewiseplans/Tamilnadu%20(pdf)/TNAU,%20Coimbattore/TN8-Theni%203.2.2011.pdf",
Tamil Nadu,Thirunelveli,tamil_nadu_thirunelveli.pdf,"https://www.icar-crida.res.in/CP-2012/statewiseplans/Tamilnadu%20(pdf)/TNAU,%20Coimbattore/TN12-Thirunelveli%203.2.2011.pdf",
Tamil Nadu,Thiruvallur,tamil_nadu_thiruvallur.pdf,"https://www.icar-crida.res.in/CP-2012/statewiseplans/Tamilnadu%20(pdf)/TNAU,%20Coimbattore/TN2-Thiruvallur%203.2.2011.pdf",
Tamil Nadu,Thiruvannamalai,tamil_nadu_thiruvannamalai.pdf,"https://www.icar-crida.res.in/CP-2012/statewiseplans/Tamilnadu%20(pdf)/TNAU,%20Coimbattore/TN16-Thiruvannamalai%203.2.2011.pdf",
Tamil Nadu,Thiruvarur,tamil_nadu_thiruvarur.pdf,"https://www.icar-crida.res.in/CP-2012/statewiseplans/Tamilnadu%20(pdf)/TNAU,%20Coimbattore/TN14-Thiruvarur%203.2.2011.pdf",
Tamil Nadu,Thoothukudi,tamil_nadu_thoothukudi.pdf,"https://www.icar-crida.res.in/CP-2012/statewiseplans/Tamilnadu%20(pdf)/TNAU,%20Coimbattore/TN13-Thoothukudi3.2.2011.pdf",
Tamil Nadu,Tiruchirappalli,tamil_nadu_tiruchirappalli.pdf,"https://www.icar-crida.res.in/CP-2012/statewiseplans/Tamilnadu%20(pdf)/TNAU,%20Coimbattore/TN10-Tiruchirappalli%203.2.2011.pdf",
Tamil Nadu,Tiruppur,tamil_nadu_tiruppur.pdf,"https://www.icar-crida.res.in/CP-2012/statewiseplans/Tamilnadu%20(pdf)/TNAU,%20Coimbattore/TN15-.Tiruppur%203.2.2011.pdf",
Tamil Nadu,Vellore,tamil_nadu_vellore.pdf,"https://www.icar-crida.res.in/CP-2012/statewiseplans/Tamilnadu%20(pdf)/TNAU,%20Coimbattore/TN3-Vellore%203-2-2011.pdf",
Tamil Nadu,Viluppuram,tamil_nadu_viluppuram.pdf,"https://www.icar-crida.res.in/CP-2012/statewiseplans/Tamilnadu%20(pdf)/TNAU,%20Coimbattore/TN30-VILUPPURAM%2031.03.2011.pdf",
Tamil Nadu,Virudhunagar,tamil_nadu_virudhunagar.pdf,"https://www.icar-crida.res.in/CP-2012/statewiseplans/Tamilnadu%20(pdf)/TNAU,%20Coimbattore/TN31-VIRUDHUNAGAR%2031.03.2011.pdf",
Tripura,Dhalai,tripura_dhalai.pdf,https://www.icar-crida.res.in/CP-2012/statewiseplans/Tripura/Tripura_Dhalai.pdf,
Tripura,Gomati,tripura_gomati.pdf,https://www.icar-crida.res.in/CP-2012/statewiseplans/Tripura/Tripura_Gomati.pdf,
Tripura,Khowai,tripura_khowai.pdf,https://www.icar-crida.res.in/CP-2012/statewiseplans/Tripura/Tripura_Khowai.pdf,
Tripura,North Tripura,tripura_north_tripura.pdf,https://www.icar-crida.res.in/CP-2012/statewiseplans/Tripura/Tripura_North%20Tripura.pdf,
Tripura,Sepahijala,tripura_sepahijala.pdf,https://www.icar-crida.res.in/CP-2012/statewiseplans/Tripura/Tripura_Sepahijala.pdf,
Tripura,South Tripura,tripura_south_tripura.pdf,https://www.icar-crida.res.in/CP-2012/statewiseplans/Tripura/Tripura_South%20Tripura.pdf,
Tripura,Unakoti,tripura_unakoti.pdf,https://www.icar-crida.res.in/CP-2012/statewiseplans/Tripura/Tripura_Unakoti.pdf,
Tripura,West Tripura,tripura_west_tripura.pdf,https://www.icar-crida.res.in/CP-2012/statewiseplans/Tripura/TR1-West%20Tripura-01.07.2015.pdf,
Uttar Pradesh,Agra,uttar_pradesh_agra.pdf,https://www.icar-crida.res.in/CP-2012/statewiseplans/Uttar%20Pradesh/UP43-Agra-26.07.14.pdf,
Uttar Pradesh,Aligarh,uttar_pradesh_aligarh.pdf,https://www.icar-crida.res.in/CP-2012/statewiseplans/Uttar%20Pradesh/UP53-Aligarh-28.07.14.pdf,
Uttar Pradesh,Allahabad,uttar_pradesh_allahabad.pdf,https://www.icar-crida.res.in/CP-2012/statewiseplans/Uttar%20Pradesh/UP62-Allahabad-28.07.14.pdf,
Uttar Pradesh,Ambedkarnagar,uttar_pradesh_ambedkarnagar.pdf,https://www.icar-crida.res.in/CP-2012/statewiseplans/Uttar%20Pradesh/UP54-Ambedkarnagar-28.07.14.pdf,
Uttar Pradesh,Amethi,uttar_pradesh_amethi.pdf,https://www.icar-crida.res.in/CP-2012/statewiseplans/Uttar%20Pradesh/UP71-Amethi-07.08.2014.pdf,
Uttar Pradesh,Auraiya,uttar_pradesh_auraiya.pdf,https://www.icar-crida.res.in/CP-2012/statewiseplans/Uttar%20Pradesh/UP55-Auraiya-28.07.14.pdf,
Uttar Pradesh,Azamgarh,uttar_pradesh_azamgarh.pdf,https://www.icar-crida.res.in/CP-2012/statewiseplans/Uttar%20Pradesh/UP27_Azamgarh-28.12.13.pdf,
Uttar Pradesh,Badaun,uttar_pradesh_badaun.pdf,https://www.icar-crida.res.in/CP-2012/statewiseplans/Uttar%20Pradesh/UP10-Badaun-26.7.2012.pdf,
Uttar Pradesh,Bagpat,uttar_pradesh_bagpat.pdf,https://www.icar-crida.res.in/CP-2012/statewiseplans/Uttar%20Pradesh/UP9-Bagpat-26.7.2012.pdf,
Uttar Pradesh,Bahraich,uttar_pradesh_bahraich.pdf,https://www.icar-crida.res.in/CP-2012/statewiseplans/Uttar%20Pradesh/UP28_Bahraich%20-28.12.13.pdf,
Uttar Pradesh,Ballia,uttar_pradesh_ballia.pdf,https://www.icar-crida.res.in/CP/Uttar_Pradesh/UP29_Ballia _28.12.13.pdf,
Uttar Pradesh,Balrampur,uttar_pradesh_balrampur.pdf,https://www.icar-crida.res.in/CP-2012/statewiseplans/Uttar%20Pradesh/UP30_Balrampur_28.12.13.pdf,
Uttar Pradesh,Banda,uttar_pradesh_banda.pdf,https://www.icar-crida.res.in/CP-2012/statewiseplans/Uttar%20Pradesh/UP37-Banda%20draft%20plan-10.07.14.pdf,
Uttar Pradesh,Barabanki,uttar_pradesh_barabanki.pdf,https://www.icar-crida.res.in/CP-2012/statewiseplans/Uttar%20Pradesh/UP68-Barabanki-31.07.14.pdf,
Uttar Pradesh,Bareilly,uttar_pradesh_bareilly.pdf,https://www.icar-crida.res.in/CP-2012/statewiseplans/Uttar%20Pradesh/UP8-Bareilly-26.7.2012.pdf,
Uttar Pradesh,Basti,uttar_pradesh_basti.pdf,https://www.icar-crida.res.in/CP-2012/statewiseplans/Uttar%20Pradesh/UP44-Basti-26.07.14.pdf,
Uttar Pradesh,Bijnor,uttar_pradesh_bijnor.pdf,https://www.icar-crida.res.in/CP-2012/statewiseplans/Uttar%20Pradesh/UP7-Bijnor-26.7.2012.pdf,
Uttar Pradesh,Bulandshahar,uttar_pradesh_bulandshahar.pdf,https://www.icar-crida.res.in/CP-2012/statewiseplans/Uttar%20Pradesh/UP6-Bulandshahar-26.7.2012.pdf,
Uttar Pradesh,Chandauli,uttar_pradesh_chandauli.pdf,https://www.icar-crida.res.in/CP-2012/statewiseplans/Uttar%20Pradesh/UP18-Chandauli-27.09.2012.pdf,
Uttar Pradesh,Chitrakoot,uttar_pradesh_chitrakoot.pdf,https://www.icar-crida.res.in/CP-2012/statewiseplans/Uttar%20Pradesh/UP38-Chitrakut%20draft%20plan-10.07.14.pdf,
Uttar Pradesh,Deoria,uttar_pradesh_deoria.pdf,https://www.icar-crida.res.in/CP-2012/statewiseplans/Uttar%20Pradesh/UP11-Deoria-28.08.12.pdf,
Uttar Pradesh,Etah,uttar_pradesh_etah.pdf,https://www.icar-crida.res.in/CP-2012/statewiseplans/Uttar%20Pradesh/UP56-Etah-28.07.14.pdf,
Uttar Pradesh,Etawah,uttar_pradesh_etawah.pdf,https://www.icar-crida.res.in/CP-2012/statewiseplans/Uttar%20Pradesh/UP57-Etawah-28.07.14.pdf,
Uttar Pradesh,Faizabad,uttar_pradesh_faizabad.pdf,https://www.icar-crida.res.in/CP-2012/statewiseplans/Uttar%20Pradesh/UP31_Faizabad_28.12.13.pdf,
Uttar Pradesh,Farrukhabad,uttar_pradesh_farrukhabad.pdf,https://www.icar-crida.res.in/CP-2012/statewiseplans/Uttar%20Pradesh/UP45-Farrukhabad-26.07.14.pdf,
Uttar Pradesh,Fatehpur,uttar_pradesh_fatehpur.pdf,https://www.icar-crida.res.in/CP-2012/statewiseplans/Uttar%20Pradesh/UP58-Fatehpur-28.07.14.pdf,
Uttar Pradesh,Firozabad,uttar_pradesh_firozabad.pdf,https://www.icar-crida.res.in/CP-2012/statewiseplans/Uttar%20Pradesh/UP59-Firozabad-28.07.14.pdf,
Uttar Pradesh,Gaitam Budh Nagar,uttar_pradesh_gaitam_budh_nagar.pdf,https://www.icar-crida.res.in/CP-2012/statewiseplans/Uttar%20Pradesh/UP26-Gautam%20Budh%20Nagar%2030.11.12.pdf,
Uttar Pradesh,Ghaziabad,uttar_pradesh_ghaziabad.pdf,https://www.icar-crida.res.in/CP-2012/statewiseplans/Uttar%20Pradesh/UP22-Ghaziabad-30.10.12.pdf,
Uttar Pradesh,Ghazipur,uttar_pradesh_ghazipur.pdf,https://www.icar-crida.res.in/CP-2012/statewiseplans/Uttar%20Pradesh/UP12-Ghazipur-28.08.12.pdf,
Uttar Pradesh,Gonda,uttar_pradesh_gonda.pdf,https://www.icar-crida.res.in/CP-2012/statewiseplans/Uttar%20Pradesh/UP32_Gonda_28.12.13.pdf,
Uttar Pradesh,Gorakhpur,uttar_pradesh_gorakhpur.pdf,https://www.icar-crida.res.in/CP-2012/statewiseplans/Uttar%20Pradesh/UP13-Gorakhpur-28.08.12.pdf,
Uttar Pradesh,Hamirpur,uttar_pradesh_hamirpur.pdf,https://www.icar-crida.res.in/CP-2012/statewiseplans/Uttar%20Pradesh/UP39-Hamirpur%20draft%20plan-10.07.14.pdf,
Uttar Pradesh,Hapur,uttar_pradesh_hapur.pdf,https://www.icar-crida.res.in/CP-2012/statewiseplans/Uttar%20Pradesh/UP72-Hapur-07.08.2014.pdf,
Uttar Pradesh,Hardoi,uttar_pradesh_hardoi.pdf,https://www.icar-crida.res.in/CP-2012/statewiseplans/Uttar%20Pradesh/UP46-Hardoi-26.07.14.pdf,
Uttar Pradesh,Hathras,uttar_pradesh_hathras.pdf,https://www.icar-crida.res.in/CP-2012/statewiseplans/Uttar%20Pradesh/UP70-Hathras-31.07.14.pdf,
Uttar Pradesh,Jalaun,uttar_pradesh_jalaun.pdf,https://www.icar-crida.res.in/CP-2012/statewiseplans/Uttar%20Pradesh/UP40-Jalaun%20draft%20plan-10.07.14.pdf,
Uttar Pradesh,Jaunpur,uttar_pradesh_jaunpur.pdf,https://www.icar-crida.res.in/CP-2012/statewiseplans/Uttar%20Pradesh/UP14-Jaunpur-27.09.2012.pdf,
Uttar Pradesh,Jhansi,uttar_pradesh_jhansi.pdf,https://www.icar-crida.res.in/CP-2012/statewiseplans/Uttar%20Pradesh/UP41-Jhansi%20draft%20plan-10.07.14.pdf,
Uttar Pradesh,Jyotiba Phule Nagar,uttar_pradesh_jyotiba_phule_nagar.pdf,https://www.icar-crida.res.in/CP-2012/statewiseplans/Uttar%20Pradesh/UP25-Jyotiba%20Phule%20Nagar%20-30.10.12.pdf,
Uttar Pradesh,Kannauj,uttar_pradesh_kannauj.pdf,https://www.icar-crida.res.in/CP-2012/statewiseplans/Uttar%20Pradesh/UP47-Kannauj-26.07.14.pdf,
Uttar Pradesh,Kanpur,uttar_pradesh_kanpur.pdf,https://www.icar-crida.res.in/CP-2012/statewiseplans/Uttar%20Pradesh/UP48-Kanpur%20Dehat-26.07.14.pdf,
Uttar Pradesh,Kanpur Nagar,uttar_pradesh_kanpur_nagar.pdf,https://www.icar-crida.res.in/CP-2012/statewiseplans/Uttar%20Pradesh/UP75-Kanpur%20Nagar-07.08.2014.pdf,
Uttar Pradesh,Kasgunj,uttar_pradesh_kasgunj.pdf,https://www.icar-crida.res.in/CP-2012/statewiseplans/Uttar%20Pradesh/UP73-Kasganj-07.08.2014.pdf,
Uttar Pradesh,Kaushambi,uttar_pradesh_kaushambi.pdf,https://www.icar-crida.res.in/CP-2012/statewiseplans/Uttar%20Pradesh/UP60-Kaushambi-28.07.14.pdf,
Uttar Pradesh,Kushinagar,uttar_pradesh_kushinagar.pdf,https://www.icar-crida.res.in/CP-2012/statewiseplans/Uttar%20Pradesh/UP15-Kushinagar-27.09.2012.pdf,
Uttar Pradesh,Lakhimpur Kheri,uttar_pradesh_lakhimpur_kheri.pdf,https://www.icar-crida.res.in/CP-2012/statewiseplans/Uttar%20Pradesh/UP67-Lakhimpur%20Kheri-31.07.14.pdf,
Uttar Pradesh,Lalitpur,uttar_pradesh_lalitpur.pdf,https://www.icar-crida.res.in/CP-2012/statewiseplans/Uttar%20Pradesh/UP42-Lalitpur%20Draft%20plan-10.07.14.pdf,
Uttar Pradesh,Lucknow,lucknow.pdf,https://www.icar-crida.res.in/CP-2012/statewiseplans/Uttar%20Pradesh/UP49-Lucknow-26.07.14.pdf,abfb62d7ee3a864ed2dd7bef529e05bf846a27e2807107e07be0f1b825e4b67a
Uttar Pradesh,Maharajganj,uttar_pradesh_maharajganj.pdf,https://www.icar-crida.res.in/CP-2012/statewiseplans/Uttar%20Pradesh/UP16-Maharajganj-27.09.2012.pdf,
Uttar Pradesh,Mahoba,uttar_pradesh_mahoba.pdf,https://www.icar-crida.res.in/CP-2012/statewiseplans/Uttar%20Pradesh/UP50-Mahoba-26.07.14.pdf,
Uttar Pradesh,Mainpuri,uttar_pradesh_mainpuri.pdf,https://www.icar-crida.res.in/CP-2012/statewiseplans/Uttar%20Pradesh/UP61-Mainpuri-28.07.14.pdf,
Uttar Pradesh,Mathura,uttar_pradesh_mathura.pdf,https://www.icar-crida.res.in/CP-2012/statewiseplans/Uttar%20Pradesh/UP51-Mathura-26.07.14.pdf,
Uttar Pradesh,Mau,uttar_pradesh_mau.pdf,https://www.icar-crida.res.in/CP-2012/statewiseplans/Uttar%20Pradesh/UP33_Mau_28.12.13.pdf,
Uttar Pradesh,Meerut,uttar_pradesh_meerut.pdf,https://www.icar-crida.res.in/CP-2012/statewiseplans/Uttar%20Pradesh/UP24-Meerut-30.10.12.pdf,
Uttar Pradesh,Mirzapur,uttar_pradesh_mirzapur.pdf,https://www.icar-crida.res.in/CP-2012/statewiseplans/Uttar%20Pradesh/UP19-Mirzapur-27.09.2012.pdf,
Uttar Pradesh,Moradabad,uttar_pradesh_moradabad.pdf,https://www.icar-crida.res.in/CP-2012/statewiseplans/Uttar%20Pradesh/UP23-Moradabad-30.10.12.pdf,
Uttar Pradesh,Muzaffarnagar,uttar_pradesh_muzaffarnagar.pdf,https://www.icar-crida.res.in/CP-2012/statewiseplans/Uttar%20Pradesh/UP5-Muzaffarnagar-26.7.2012.pdf,
Uttar Pradesh,Pilibhit,uttar_pradesh_pilibhit.pdf,https://www.icar-crida.res.in/CP-2012/statewiseplans/Uttar%20Pradesh/UP2-Pilibhit-26.7.2012.pdf,
Uttar Pradesh,Pratapgarh,uttar_pradesh_pratapgarh.pdf,https://www.icar-crida.res.in/CP-2012/statewiseplans/Uttar%20Pradesh/UP66-Pratapgarh-31.07.14.pdf,
Uttar Pradesh,Raebareli,uttar_pradesh_raebareli.pdf,https://www.icar-crida.res.in/CP-2012/statewiseplans/Uttar%20Pradesh/UP52-Raebareli-26.07.14.pdf,
Uttar Pradesh,Rampur,uttar_pradesh_rampur.pdf,https://www.icar-crida.res.in/CP-2012/statewiseplans/Uttar%20Pradesh/UP4-Rampur-26.7.2012.pdf,
Uttar Pradesh,Sant Ravidas Nagar,uttar_pradesh_sant_ravidas_nagar.pdf,https://www.icar-crida.res.in/CP-2012/statewiseplans/Uttar%20Pradesh/UP17-Sant%20Ravidas%20Nagar-27.09.2012.pdf,
Uttar Pradesh,Santkabirnagar,uttar_pradesh_santkabirnagar.pdf,https://www.icar-crida.res.in/CP-2012/statewiseplans/Uttar%20Pradesh/UP34_Sant%20kabir%20nagar_28.12.13.pdf,
Uttar Pradesh,Shahjhanpur,uttar_pradesh_shahjhanpur.pdf,https://www.icar-crida.res.in/CP-2012/statewiseplans/Uttar%20Pradesh/UP1-Shahjhanpur-26.7.2012.pdf,
Uttar Pradesh,Shahranpur,uttar_pradesh_shahranpur.pdf,https://www.icar-crida.res.in/CP-2012/statewiseplans/Uttar%20Pradesh/UP3-Shahranpur-26.7.2012.pdf,
Uttar Pradesh,Shambhal,uttar_pradesh_shambhal.pdf,https://www.icar-crida.res.in/CP-2012/statewiseplans/Uttar%20Pradesh/UP74-Shambhal-07.08.2014.pdf,
Uttar Pradesh,Shamli,uttar_pradesh_shamli.pdf,https://www.icar-crida.res.in/CP-2012/statewiseplans/Uttar%20Pradesh/UP69-Shamli-31.07.14.pdf,
Uttar Pradesh,Shiddarthnagar,uttar_pradesh_shiddarthnagar.pdf,https://www.icar-crida.res.in/CP-2012/statewiseplans/Uttar%20Pradesh/UP35_Shiddarthnagar_%2028.12.13.pdf,
Uttar Pradesh,Shravasti,uttar_pradesh_shravasti.pdf,https://www.icar-crida.res.in/CP-2012/statewiseplans/Uttar%20Pradesh/UP64-Shravasti-31.07.14.pdf,
Uttar Pradesh,Sitapur,uttar_pradesh_sitapur.pdf,https://www.icar-crida.res.in/CP-2012/statewiseplans/Uttar%20Pradesh/UP65-Sitapur-31.07.14.pdf,
Uttar Pradesh,Sonbhadra,uttar_pradesh_sonbhadra.pdf,https://www.icar-crida.res.in/CP-2012/statewiseplans/Uttar%20Pradesh/UP20-Sonbhadra-27.09.2012.pdf,
Uttar Pradesh,Sultanpur,uttar_pradesh_sultanpur.pdf,https://www.icar-crida.res.in/CP-2012/statewiseplans/Uttar%20Pradesh/UP36_Sultanpur_28.12.13.pdf,
Uttar Pradesh,Unnao,uttar_pradesh_unnao.pdf,https://www.icar-crida.res.in/CP-2012/statewiseplans/Uttar%20Pradesh/UP63-Unnao-31.07.14.pdf,
Uttar Pradesh,Varanasi,varanasi.pdf,https://www.icar-crida.res.in/CP-2012/statewiseplans/Uttar%20Pradesh/UP21-Varanasi-27.09.2012.pdf,724afde5be325fac251019075af00101101c7ea0d17b46ecc6d4ba9d0ea3e557
Uttarakhand,Almora,uttarakhand_almora.pdf,https://www.icar-crida.res.in/CP-2012/statewiseplans/Uttarkhand/UKD1-Almora-31.03.2013.pdf,
Uttarakhand,Bageshwar,uttarakhand_bageshwar.pdf,https://www.icar-crida.res.in/CP-2012/statewiseplans/Uttarkhand/UKD11-Bageshwar-01.08.14.pdf,
Uttarakhand,Chamoli,uttarakhand_chamoli.pdf,https://www.icar-crida.res.in/CP-2012/statewiseplans/Uttarkhand/UKD4-Chamoli-10.07.14.pdf,
Uttarakhand,Champawat,uttarakhand_champawat.pdf,https://www.icar-crida.res.in/CP-2012/statewiseplans/Uttarkhand/UKD5-Champawat-10.07.14.pdf,
Uttarakhand,Dehradun,uttarakhand_dehradun.pdf,https://www.icar-crida.res.in/CP-2012/statewiseplans/Uttarkhand/UKD7-Dehradun-10.07.14.pdf,
Uttarakhand,Haridwar,uttarakhand_haridwar.pdf,https://www.icar-crida.res.in/CP-2012/statewiseplans/Uttarkhand/UKD2-Haridwar-31.3.2013.pdf,
Uttarakhand,Nainital,uttarakhand_nainital.pdf,https://www.icar-crida.res.in/CP-2012/statewiseplans/Uttarkhand/UKD8-Nainital-10.07.14.pdf,
Uttarakhand,Pauri Garhwal,uttarakhand_pauri_garhwal.pdf,https://www.icar-crida.res.in/CP-2012/statewiseplans/Uttarkhand/UKD12-Pauri%20Garhwal-01.08.14.pdf,
Uttarakhand,Pithoragarh,uttarakhand_pithoragarh.pdf,https://www.icar-crida.res.in/CP-2012/statewiseplans/Uttarkhand/UKD9-Pithoragarh%2010.07.14.pdf,
Uttarakhand,Rudraprayag,uttarakhand_rudraprayag.pdf,https://www.icar-crida.res.in/CP-2012/statewiseplans/Uttarkhand/UKD10-Rudraprayag-10.07.14.pdf,
Uttarakhand,Tehri Garhwal,uttarakhand_tehri_garhwal.pdf,https://www.icar-crida.res.in/CP-2012/statewiseplans/Uttarkhand/UKD6-Tehri%20Garhwal-10.07.14.pdf,
Uttarakhand,Udham Singh Nagar,uttarakhand_udham_singh_nagar.pdf,https://www.icar-crida.res.in/CP-2012/statewiseplans/Uttarkhand/UKD3-Udham%20Singh%20Nagar-31.03.2013.pdf,
Uttarakhand,Uttarkashi,uttarakhand_uttarkashi.pdf,https://www.icar-crida.res.in/CP-2012/statewiseplans/Uttarkhand/UKD13-Uttarkashi-01.08.14.pdf,
West Bengal,Alipurduar,west_bengal_alipurduar.pdf,https://www.icar-crida.res.in/CP-2012/statewiseplans/West%20Bengal%20(Pdf)/Alipurduar-01.04.2016.pdf,
West Bengal,Bankura,west_bengal_bankura.pdf,"https://www.icar-crida.res.in/CP-2012/statewiseplans/West%20Bengal%20(Pdf)/BCKVV,%20Kalyani/WestBengal%201-Bankura-31.12.2011.pdf",
West Bengal,Bardhaman,west_bengal_bardhaman.pdf,"https://www.icar-crida.res.in/CP-2012/statewiseplans/West%20Bengal%20(Pdf)/BCKVV,%20Kalyani/WestBengal%202-Bardhaman-31.12.2011.pdf",
West Bengal,Birbhum,west_bengal_birbhum.pdf,"https://www.icar-crida.res.in/CP-2012/statewiseplans/West%20Bengal%20(Pdf)/BCKVV,%20Kalyani/WestBengal%203-Birbhum-31.12.2011.pdf",
West Bengal,Coochbehar,west_bengal_coochbehar.pdf,"https://www.icar-crida.res.in/CP-2012/statewiseplans/West%20Bengal%20(Pdf)/UBKVV,%20Cooch%20Behar/WestBengal%204-Coochbehar-31.12.2011.pdf",
West Bengal,Dakshin Dinajpur,west_bengal_dakshin_dinajpur.pdf,"https://www.icar-crida.res.in/CP-2012/statewiseplans/West%20Bengal%20(Pdf)/UBKVV,%20Cooch%20Behar/WestBengal%205-Dakshin%20Dinajpur-31.12.2011.pdf",
West Bengal,Darjeeling,west_bengal_darjeeling.pdf,"https://www.icar-crida.res.in/CP-2012/statewiseplans/West%20Bengal%20(Pdf)/UBKVV,%20Cooch%20Behar/WestBengal%206-Darjeeling-31.12.2011.pdf",
West Bengal,Hooghly,west_bengal_hooghly.pdf,"https://www.icar-crida.res.in/CP-2012/statewiseplans/West%20Bengal%20(Pdf)/BCKVV,%20Kalyani/WestBengal%207-Hooghly-31.12.2011.pdf",
West Bengal,Howrah,west_bengal_howrah.pdf,"https://www.icar-crida.res.in/CP-2012/statewiseplans/West%20Bengal%20(Pdf)/BCKVV,%20Kalyani/WestBengal%208-Howrah-31.12.2011.pdf",
West Bengal,Jalpaiguri,west_bengal_jalpaiguri.pdf,"https://www.icar-crida.res.in/CP-2012/statewiseplans/West%20Bengal%20(Pdf)/UBKVV,%20Cooch%20Behar/WestBengal%209-Jalpaiguri-31.12.2011.pdf",
West Bengal,Malda,west_bengal_malda.pdf,"https://www.icar-crida.res.in/CP-2012/statewiseplans/West%20Bengal%20(Pdf)/UBKVV,%20Cooch%20Behar/WestBengal-10-Malda-31.12.2011.pdf",
West Bengal,Murshidabad,west_bengal_murshidabad.pdf,"https://www.icar-crida.res.in/CP-2012/statewiseplans/West%20Bengal%20(Pdf)/BCKVV,%20Kalyani/WestBengal%2011-Murshidabad-31.12.2011.pdf",
West Bengal,Nadia,west_bengal_nadia.pdf,"https://www.icar-crida.res.in/CP-2012/statewiseplans/West%20Bengal%20(Pdf)/BCKVV,%20Kalyani/WestBengal%2012-Nadia-31.12.2011.pdf",
West Bengal,North 24 Pargans,west_bengal_north_24_pargans.pdf,"https://www.icar-crida.res.in/CP-2012/statewiseplans/West%20Bengal%20(Pdf)/BCKVV,%20Kalyani/WestBengal%2013-North%2024%20Parganas-31-12-2011.pdf",
West Bengal,Paschim Medinapur,west_bengal_paschim_medinapur.pdf,"https://www.icar-crida.res.in/CP-2012/statewiseplans/West%20Bengal%20(Pdf)/BCKVV,%20Kalyani/WestBengal%2014-Paschim%20Medinapur-31.12.2011.pdf",
West Bengal,Purba Medinipur,west_bengal_purba_medinipur.pdf,"https://www.icar-crida.res.in/CP-2012/statewiseplans/West%20Bengal%20(Pdf)/BCKVV,%20Kalyani/WestBengal%2015-Purba%20Medinipur-31.12.2011.pdf",
West Bengal,Purulia,west_bengal_purulia.pdf,"https://www.icar-crida.res.in/CP-2012/statewiseplans/West%20Bengal%20(Pdf)/BCKVV,%20Kalyani/WestBengal%2016-Purulia-31.12.2011.pdf",
West Bengal,South 24 Parganas,west_bengal_south_24_parganas.pdf,"https://www.icar-crida.res.in/CP-2012/statewiseplans/West%20Bengal%20(Pdf)/BCKVV,%20Kalyani/WestBengal%2017-South%2024%20parganas-31.12.2011.pdf",
West Bengal,Uttar Dinajpur,west_bengal_uttar_dinajpur.pdf,"https://www.icar-crida.res.in/CP-2012/statewiseplans/West%20Bengal%20(Pdf)/UBKVV,%20Cooch%20Behar/WestBengal%2018-Uttar%20Dinajpur-31.12.2011.pdf",
