init_date,year,month,phase,enso,monsoon_season_note
2000-05-03,2000,5,pre_monsoon,la_nina,
2000-05-17,2000,5,pre_monsoon,la_nina,
2000-05-31,2000,5,pre_monsoon,la_nina,
2000-06-14,2000,6,monsoon,la_nina,
2000-06-28,2000,6,monsoon,la_nina,
2000-07-12,2000,7,monsoon,la_nina,
2000-07-26,2000,7,monsoon,la_nina,
2000-08-09,2000,8,monsoon,la_nina,
2000-08-23,2000,8,monsoon,la_nina,
2000-09-06,2000,9,monsoon,la_nina,
2000-09-20,2000,9,monsoon,la_nina,
2001-05-02,2001,5,pre_monsoon,neutral,
2001-05-16,2001,5,pre_monsoon,neutral,
2001-05-30,2001,5,pre_monsoon,neutral,
2001-06-13,2001,6,monsoon,neutral,
2001-06-27,2001,6,monsoon,neutral,
2001-07-11,2001,7,monsoon,neutral,
2001-07-25,2001,7,monsoon,neutral,
2001-08-08,2001,8,monsoon,neutral,
2001-08-22,2001,8,monsoon,neutral,
2001-09-05,2001,9,monsoon,neutral,
2001-09-19,2001,9,monsoon,neutral,
2002-05-01,2002,5,pre_monsoon,el_nino,
2002-05-15,2002,5,pre_monsoon,el_nino,
2002-05-29,2002,5,pre_monsoon,el_nino,
2002-06-12,2002,6,monsoon,el_nino,
2002-06-26,2002,6,monsoon,el_nino,
2002-07-10,2002,7,monsoon,el_nino,
2002-07-24,2002,7,monsoon,el_nino,
2002-08-07,2002,8,monsoon,el_nino,
2002-08-21,2002,8,monsoon,el_nino,
2002-09-04,2002,9,monsoon,el_nino,
2002-09-18,2002,9,monsoon,el_nino,
2003-05-07,2003,5,pre_monsoon,neutral,
2003-05-21,2003,5,pre_monsoon,neutral,
2003-06-04,2003,6,monsoon,neutral,
2003-06-18,2003,6,monsoon,neutral,
2003-07-02,2003,7,monsoon,neutral,
2003-07-16,2003,7,monsoon,neutral,
2003-07-30,2003,7,monsoon,neutral,
2003-08-13,2003,8,monsoon,neutral,
2003-08-27,2003,8,monsoon,neutral,
2003-09-10,2003,9,monsoon,neutral,
2003-09-24,2003,9,monsoon,neutral,
2004-05-05,2004,5,pre_monsoon,el_nino,
2004-05-19,2004,5,pre_monsoon,el_nino,
2004-06-02,2004,6,monsoon,el_nino,
2004-06-16,2004,6,monsoon,el_nino,
2004-06-30,2004,6,monsoon,el_nino,
2004-07-14,2004,7,monsoon,el_nino,
2004-07-28,2004,7,monsoon,el_nino,
2004-08-11,2004,8,monsoon,el_nino,
2004-08-25,2004,8,monsoon,el_nino,
2004-09-08,2004,9,monsoon,el_nino,
2004-09-22,2004,9,monsoon,el_nino,
2005-05-04,2005,5,pre_monsoon,neutral,
2005-05-18,2005,5,pre_monsoon,neutral,
2005-06-01,2005,6,monsoon,neutral,
2005-06-15,2005,6,monsoon,neutral,
2005-06-29,2005,6,monsoon,neutral,
2005-07-13,2005,7,monsoon,neutral,
2005-07-27,2005,7,monsoon,neutral,
2005-08-10,2005,8,monsoon,neutral,
2005-08-24,2005,8,monsoon,neutral,
2005-09-07,2005,9,monsoon,neutral,
2005-09-21,2005,9,monsoon,neutral,
2006-05-03,2006,5,pre_monsoon,neutral,
2006-05-17,2006,5,pre_monsoon,neutral,
2006-05-31,2006,5,pre_monsoon,neutral,
2006-06-14,2006,6,monsoon,neutral,
2006-06-28,2006,6,monsoon,neutral,
2006-07-12,2006,7,monsoon,neutral,
2006-07-26,2006,7,monsoon,neutral,
2006-08-09,2006,8,monsoon,neutral,
2006-08-23,2006,8,monsoon,neutral,
2006-09-06,2006,9,monsoon,neutral,
2006-09-20,2006,9,monsoon,neutral,
2007-05-02,2007,5,pre_monsoon,la_nina,
2007-05-16,2007,5,pre_monsoon,la_nina,
2007-05-30,2007,5,pre_monsoon,la_nina,
2007-06-13,2007,6,monsoon,la_nina,
2007-06-27,2007,6,monsoon,la_nina,
2007-07-11,2007,7,monsoon,la_nina,
2007-07-25,2007,7,monsoon,la_nina,
2007-08-08,2007,8,monsoon,la_nina,
2007-08-22,2007,8,monsoon,la_nina,
2007-09-05,2007,9,monsoon,la_nina,
2007-09-19,2007,9,monsoon,la_nina,
2008-05-07,2008,5,pre_monsoon,neutral,
2008-05-21,2008,5,pre_monsoon,neutral,
2008-06-04,2008,6,monsoon,neutral,
2008-06-18,2008,6,monsoon,neutral,
2008-07-02,2008,7,monsoon,neutral,
2008-07-16,2008,7,monsoon,neutral,
2008-07-30,2008,7,monsoon,neutral,
2008-08-13,2008,8,monsoon,neutral,
2008-08-27,2008,8,monsoon,neutral,
2008-09-10,2008,9,monsoon,neutral,
2008-09-24,2008,9,monsoon,neutral,
2009-05-06,2009,5,pre_monsoon,el_nino,
2009-05-20,2009,5,pre_monsoon,el_nino,
2009-06-03,2009,6,monsoon,el_nino,
2009-06-17,2009,6,monsoon,el_nino,
2009-07-01,2009,7,monsoon,el_nino,
2009-07-15,2009,7,monsoon,el_nino,
2009-07-29,2009,7,monsoon,el_nino,
2009-08-12,2009,8,monsoon,el_nino,
2009-08-26,2009,8,monsoon,el_nino,
2009-09-09,2009,9,monsoon,el_nino,
2009-09-23,2009,9,monsoon,el_nino,
2010-05-05,2010,5,pre_monsoon,la_nina,
2010-05-19,2010,5,pre_monsoon,la_nina,
2010-06-02,2010,6,monsoon,la_nina,
2010-06-16,2010,6,monsoon,la_nina,
2010-06-30,2010,6,monsoon,la_nina,
2010-07-14,2010,7,monsoon,la_nina,
2010-07-28,2010,7,monsoon,la_nina,
2010-08-11,2010,8,monsoon,la_nina,
2010-08-25,2010,8,monsoon,la_nina,
2010-09-08,2010,9,monsoon,la_nina,
2010-09-22,2010,9,monsoon,la_nina,
2011-05-04,2011,5,pre_monsoon,la_nina,
2011-05-18,2011,5,pre_monsoon,la_nina,
2011-06-01,2011,6,monsoon,la_nina,
2011-06-15,2011,6,monsoon,la_nina,
2011-06-29,2011,6,monsoon,la_nina,
2011-07-13,2011,7,monsoon,la_nina,
2011-07-27,2011,7,monsoon,la_nina,
2011-08-10,2011,8,monsoon,la_nina,
2011-08-24,2011,8,monsoon,la_nina,
2011-09-07,2011,9,monsoon,la_nina,
2011-09-21,2011,9,monsoon,la_nina,
2012-05-02,2012,5,pre_monsoon,neutral,
2012-05-16,2012,5,pre_monsoon,neutral,
2012-05-30,2012,5,pre_monsoon,neutral,
2012-06-13,2012,6,monsoon,neutral,
2012-06-27,2012,6,monsoon,neutral,
2012-07-11,2012,7,monsoon,neutral,
2012-07-25,2012,7,monsoon,neutral,
2012-08-08,2012,8,monsoon,neutral,
2012-08-22,2012,8,monsoon,neutral,
2012-09-05,2012,9,monsoon,neutral,
2012-09-19,2012,9,monsoon,neutral,
2013-05-01,2013,5,pre_monsoon,neutral,
2013-05-15,2013,5,pre_monsoon,neutral,
2013-05-29,2013,5,pre_monsoon,neutral,
2013-06-12,2013,6,monsoon,neutral,
2013-06-26,2013,6,monsoon,neutral,
2013-07-10,2013,7,monsoon,neutral,
2013-07-24,2013,7,monsoon,neutral,
2013-08-07,2013,8,monsoon,neutral,
2013-08-21,2013,8,monsoon,neutral,
2013-09-04,2013,9,monsoon,neutral,
2013-09-18,2013,9,monsoon,neutral,
2014-05-07,2014,5,pre_monsoon,neutral,
2014-05-21,2014,5,pre_monsoon,neutral,
2014-06-04,2014,6,monsoon,neutral,
2014-06-18,2014,6,monsoon,neutral,
2014-07-02,2014,7,monsoon,neutral,
2014-07-16,2014,7,monsoon,neutral,
2014-07-30,2014,7,monsoon,neutral,
2014-08-13,2014,8,monsoon,neutral,
2014-08-27,2014,8,monsoon,neutral,
2014-09-10,2014,9,monsoon,neutral,
2014-09-24,2014,9,monsoon,neutral,
2015-05-06,2015,5,pre_monsoon,el_nino,
2015-05-20,2015,5,pre_monsoon,el_nino,
2015-06-03,2015,6,monsoon,el_nino,
2015-06-17,2015,6,monsoon,el_nino,
2015-07-01,2015,7,monsoon,el_nino,
2015-07-15,2015,7,monsoon,el_nino,
2015-07-29,2015,7,monsoon,el_nino,
2015-08-12,2015,8,monsoon,el_nino,
2015-08-26,2015,8,monsoon,el_nino,
2015-09-09,2015,9,monsoon,el_nino,
2015-09-23,2015,9,monsoon,el_nino,
2016-05-04,2016,5,pre_monsoon,neutral,
2016-05-18,2016,5,pre_monsoon,neutral,
2016-06-01,2016,6,monsoon,neutral,
2016-06-15,2016,6,monsoon,neutral,
2016-06-29,2016,6,monsoon,neutral,
2016-07-13,2016,7,monsoon,neutral,
2016-07-27,2016,7,monsoon,neutral,
2016-08-10,2016,8,monsoon,neutral,
2016-08-24,2016,8,monsoon,neutral,
2016-09-07,2016,9,monsoon,neutral,
2016-09-21,2016,9,monsoon,neutral,
2017-05-03,2017,5,pre_monsoon,neutral,
2017-05-17,2017,5,pre_monsoon,neutral,
2017-05-31,2017,5,pre_monsoon,neutral,
2017-06-14,2017,6,monsoon,neutral,
2017-06-28,2017,6,monsoon,neutral,
2017-07-12,2017,7,monsoon,neutral,
2017-07-26,2017,7,monsoon,neutral,
2017-08-09,2017,8,monsoon,neutral,
2017-08-23,2017,8,monsoon,neutral,
2017-09-06,2017,9,monsoon,neutral,
2017-09-20,2017,9,monsoon,neutral,
2018-05-02,2018,5,pre_monsoon,neutral,
2018-05-16,2018,5,pre_monsoon,neutral,
2018-05-30,2018,5,pre_monsoon,neutral,
2018-06-13,2018,6,monsoon,neutral,
2018-06-27,2018,6,monsoon,neutral,
2018-07-11,2018,7,monsoon,neutral,
2018-07-25,2018,7,monsoon,neutral,
2018-08-08,2018,8,monsoon,neutral,
2018-08-22,2018,8,monsoon,neutral,
2018-09-05,2018,9,monsoon,neutral,
2018-09-19,2018,9,monsoon,neutral,
2019-05-01,2019,5,pre_monsoon,neutral,
2019-05-15,2019,5,pre_monsoon,neutral,
2019-05-29,2019,5,pre_monsoon,neutral,
2019-06-12,2019,6,monsoon,neutral,
2019-06-26,2019,6,monsoon,neutral,
2019-07-10,2019,7,monsoon,neutral,
2019-07-24,2019,7,monsoon,neutral,
2019-08-07,2019,8,monsoon,neutral,
2019-08-21,2019,8,monsoon,neutral,
2019-09-04,2019,9,monsoon,neutral,
2019-09-18,2019,9,monsoon,neutral,
